-- phpMyAdmin SQL Dump
-- version 4.9.2
-- https://www.phpmyadmin.net/
--
-- Host: 127.0.0.1:3308
-- Generation Time: Aug 29, 2021 at 04:47 PM
-- Server version: 5.7.28
-- PHP Version: 7.3.12

SET SQL_MODE = "NO_AUTO_VALUE_ON_ZERO";
SET AUTOCOMMIT = 0;
START TRANSACTION;
SET time_zone = "+00:00";


/*!40101 SET @OLD_CHARACTER_SET_CLIENT=@@CHARACTER_SET_CLIENT */;
/*!40101 SET @OLD_CHARACTER_SET_RESULTS=@@CHARACTER_SET_RESULTS */;
/*!40101 SET @OLD_COLLATION_CONNECTION=@@COLLATION_CONNECTION */;
/*!40101 SET NAMES utf8mb4 */;

--
-- Database: `fitkonnect_v2.0`
--

-- --------------------------------------------------------

--
-- Table structure for table `booking_transactions`
--

DROP TABLE IF EXISTS `booking_transactions`;
CREATE TABLE IF NOT EXISTS `booking_transactions` (
  `count` int(11) NOT NULL AUTO_INCREMENT,
  `transaction_id` varchar(50) NOT NULL,
  `transaction_type` varchar(30) NOT NULL DEFAULT 'LESSON BOOKING',
  `amount` double NOT NULL,
  `booker_id` varchar(20) NOT NULL,
  `payment_option` varchar(30) NOT NULL,
  `additional_comments` varchar(500) DEFAULT NULL,
  `createdat` timestamp NOT NULL DEFAULT CURRENT_TIMESTAMP,
  `status` int(11) NOT NULL DEFAULT '1001',
  PRIMARY KEY (`count`),
  UNIQUE KEY `id` (`transaction_id`)
) ENGINE=InnoDB AUTO_INCREMENT=66 DEFAULT CHARSET=latin1;

--
-- Dumping data for table `booking_transactions`
--

INSERT INTO `booking_transactions` (`count`, `transaction_id`, `transaction_type`, `amount`, `booker_id`, `payment_option`, `additional_comments`, `createdat`, `status`) VALUES
(8, '44206C2154F986D0A0D7511062C2F81D', 'LESSON BOOKING', 6000, '1', 'PAYPAL', NULL, '2018-04-08 18:29:38', 1001),
(9, 'ABA9272C4374DAA848B2D3DD810CE13F', 'LESSON BOOKING', 6000, '2', 'MPESA', NULL, '2018-04-09 11:00:07', 1001),
(10, '8E422FF92FCB6EFC21E3A090A6A55211', 'LESSON BOOKING', 6000, '3', 'MPESA', NULL, '2018-04-09 11:02:16', 1011),
(13, '18903ED1017A449600334538A86D6BC5', 'LESSON BOOKING', 3500, '1', 'MPESA', NULL, '2018-04-30 16:30:42', 1001),
(14, 'DB41E6E594CE7FECC2908DF8D1496E45', 'LESSON BOOKING', 3500, '1', 'MPESA', NULL, '2018-04-30 16:37:50', 1001),
(15, '33092334FAA406BF9587F9F45982E7A6', 'LESSON BOOKING', 3500, '1', 'MPESA', NULL, '2018-04-30 16:41:49', 1001),
(16, 'E48FB5C0B0557BEF672650169E46FA8C', 'LESSON BOOKING', 3500, '1', 'MPESA', NULL, '2018-04-30 16:46:21', 1001),
(17, 'A350604B9C61961938FB53F777AA75B1', 'LESSON BOOKING', 3500, '1', 'MPESA', NULL, '2018-04-30 17:02:45', 1001),
(18, 'D07C69E1E802B64F39731230CDB82242', 'LESSON BOOKING', 3500, '1', 'MPESA', NULL, '2018-04-30 17:04:07', 1001),
(19, 'B8E5B8D736EE0FF934E251AE48DBB60E', 'LESSON BOOKING', 3500, '1', 'MPESA', NULL, '2018-04-30 17:05:04', 1001),
(20, 'EDB6233EF4B1A39F0BE4E02A4837CA00', 'LESSON BOOKING', 3500, '1', 'MPESA', NULL, '2018-04-30 20:51:59', 1011),
(21, '7A65DC96FF3E7DF489531335D29AD16A', 'LESSON BOOKING', 8000, '1', 'MPESA', NULL, '2018-04-30 20:54:33', 1011),
(22, '8E9CC3A516BC671BA6B69AD630433FE7', 'LESSON BOOKING', 12500, '1', 'MPESA', NULL, '2018-04-30 21:13:55', 1001),
(23, '347FFE5FAA334BD0C809E2CC95D69A9A', 'LESSON BOOKING', 12500, '1', 'MPESA', NULL, '2018-04-30 21:14:55', 1001),
(26, '642EF37258BB6E607D5B98839792AA53', 'LESSON BOOKING', 12500, '1', 'MPESA', NULL, '2018-04-30 21:27:24', 1001),
(27, 'DAC11BE702D87E873E4949FE4F441DAF', 'LESSON BOOKING', 12500, '1', 'MPESA', NULL, '2018-04-30 22:30:22', 1001),
(28, '36F1F18699FA3BD2631698ADCD757D73', 'LESSON BOOKING', 12500, '1', 'MPESA', NULL, '2018-04-30 22:32:06', 1001),
(29, 'C97A969D4DADC84CFBE4284D3564D971', 'LESSON BOOKING', 12500, '1', 'MPESA', NULL, '2018-04-30 22:33:49', 1001),
(30, 'FBE272879A879BB36845EDD0FC22619C', 'LESSON BOOKING', 12500, '1', 'MPESA', NULL, '2018-05-02 15:24:37', 1001),
(31, 'FEF9F535E6E12926E6D56FBB802C37B8', 'LESSON BOOKING', 12500, '1', 'MPESA', NULL, '2018-05-02 15:26:52', 1001),
(32, 'D576AA9B94423B230847B6A4648FA290', 'LESSON BOOKING', 12500, '1', 'MPESA', NULL, '2018-05-02 15:29:13', 1001),
(33, '849DD53EC41393EA0F2483D8518DC524', 'LESSON BOOKING', 12500, '1', 'MPESA', NULL, '2018-05-02 16:22:45', 1001),
(34, 'A0F3111DE21EBB5F7721E0E2D9E9ECC5', 'LESSON BOOKING', 12500, '1', 'MPESA', NULL, '2018-05-02 16:27:21', 1001),
(35, '2CD97BF66B6E6D95D8C0942A1A8B75B0', 'LESSON BOOKING', 12500, '1', 'MPESA', NULL, '2018-05-02 16:35:19', 1001),
(36, '3103BFF3ABF46E863236FF11DC11EC88', 'LESSON BOOKING', 12500, '1', 'MPESA', NULL, '2018-05-02 16:36:14', 1001),
(37, '74C08AC12D407046BC97CD72ABF72FA1', 'LESSON BOOKING', 3000, '1', 'MPESA', 'TEST', '2018-05-07 09:57:33', 1001),
(38, 'DA9D890FC69676C2292DD88DB454736B', 'LESSON BOOKING', 8000, '15', 'PAYPAL', NULL, '2018-05-07 10:13:25', 1001),
(39, '23235BD45BC6867D15049CB00E727E9C', 'LESSON BOOKING', 6500, '16', 'AIRTEL_MONEY', NULL, '2018-05-07 10:36:21', 1001),
(40, '3AC96C02868EB5D406A0A8D4F833366E', 'LESSON BOOKING', 15000, '18', 'AIRTEL_MONEY', 'TESTING', '2018-05-07 10:50:01', 1011),
(41, '2B17FCD2B79852CF23147F64C46867F0', 'LESSON BOOKING', 18500, '19', 'PAYPAL', 'TESTING123', '2018-05-07 15:42:24', 1011),
(42, '8421186D62B93DF2DF155DB4C7DA76B1', 'LESSON BOOKING', 5500, '21', 'MPESA', 'TEST', '2018-05-08 13:36:35', 1011),
(43, '2F693B22BD28C8CFA4A2E823C4B1FF50', 'LESSON BOOKING', 3000, '1', 'PESAPAL', 'TESTING AUTO-APPROVAL', '2018-05-10 09:46:05', 1011),
(44, '7519E9BFE948D1EF6D6674064CB317E3', 'LESSON BOOKING', 3000, '1', 'PAYPAL', 'TESTING 123', '2018-05-10 09:47:42', 1011),
(45, '6140CE4F349C8F30AD3878413EE733EA', 'LESSON BOOKING', 3000, '1', 'PAYPAL', 'TESTING 123', '2018-05-10 09:50:13', 1011),
(46, '87C2F6D588807E643624C2AE3BAE9B52', 'LESSON BOOKING', 3000, '1', 'PAYPAL', 'TESTING 123', '2018-05-10 09:52:26', 1011),
(47, '73BE73D0D07B2B0CD89482E28A82B610', 'LESSON BOOKING', 3000, '1', 'PAYPAL', 'TESTING 123', '2018-05-10 10:20:55', 1001),
(48, 'C9FD1459506484E0AFAD1EE8F6646B12', 'LESSON BOOKING', 3000, '1', 'PAYPAL', 'TESTING 123', '2018-05-10 10:23:09', 1011),
(49, '69BD881B2FFAEDDEFDA6C372CFF3D805', 'LESSON BOOKING', 3000, '1', 'PAYPAL', 'TESTING 123', '2018-05-10 10:39:42', 1011),
(50, '16AB376BC6D5BE850F860AF6E0D7AB32', 'LESSON BOOKING', 3000, '1', 'PAYPAL', 'TESTING 123', '2018-05-10 10:44:37', 1011),
(51, '193042F80F874F49983BE706DFD02ACC', 'LESSON BOOKING', 3000, '1', 'PAYPAL', 'TESTING 123', '2018-05-10 10:47:37', 1011),
(52, '0B607A895D5EF5CAE9A3E93C28710426', 'LESSON BOOKING', 9000, '23', 'PAYPAL', 'TESTING AUTOS', '2018-05-10 13:41:28', 1011),
(53, '5BFFFD721DA2FF3F7541E1B65721B604', 'LESSON BOOKING', 9000, '24', 'PAYPAL', 'TESTING AUTOS', '2018-05-10 13:42:58', 1011),
(54, '7CC29A323B8FF78C409D564A439865C1', 'LESSON BOOKING', 9000, '25', 'PAYPAL', 'TESTING AUTOS', '2018-05-10 13:45:20', 1011),
(55, '0BFEFACBEE011E12F25497D1C2DFBAFD', 'LESSON BOOKING', 9000, '26', 'PAYPAL', 'TESTING AUTOS', '2018-05-10 13:48:01', 1011),
(56, 'E81AC3C454C77FCC4789EAAFD8210928', 'LESSON BOOKING', 9000, '27', 'PAYPAL', 'TESTING AUTOS', '2018-05-10 13:49:11', 1011),
(57, 'B6E7454F14DC3E6274C169BA94D924D2', 'LESSON BOOKING', 9000, '28', 'PAYPAL', 'TESTING AUTOS', '2018-05-10 13:51:21', 1011),
(58, '1F3D22F0826B693D0F67C2E14B3B2874', 'LESSON BOOKING', 9000, '29', 'PAYPAL', 'TESTING AUTOS', '2018-05-10 13:51:52', 1011),
(59, 'A16C7E7D4BDBD64DC0862354C70EF336', 'LESSON BOOKING', 9000, '1', 'MPESA', 'TEST NOW', '2018-05-10 13:56:38', 1011),
(60, '7079456E8719B0D5C3529E2BB03CB8D6', 'LESSON BOOKING', 3500, '30', 'MPESA', 'TEST IT', '2018-05-10 13:59:27', 1011),
(61, '4CC1326B4AAC9149CC5EB423F1D34297', 'LESSON BOOKING', 3500, '31', 'MPESA', 'TEST IT', '2018-05-10 14:06:18', 1011),
(62, 'F267EFDA1FDA4FDD632447222F0C9366', 'LESSON BOOKING', 3500, '32', 'MPESA', 'TEST IT', '2018-05-10 14:08:12', 1011),
(63, '3874B97A466D585880F14FE325779A71', 'LESSON BOOKING', 8000, '1', 'PAYPAL', 'TEST THIS', '2018-05-10 14:15:19', 1011),
(64, '0BA8D4A04B47AB159FD58E85B750096A', 'LESSON BOOKING', 3500, '33', 'T_KASH', 'KNOWN TEST', '2018-05-10 14:32:41', 1011),
(65, 'C929BAED0CF967FDD40F60C9682A7638', 'LESSON BOOKING', 3000, '1', '', 'TESTING', '2018-06-05 17:13:43', 1011);

-- --------------------------------------------------------

--
-- Table structure for table `booking_transactions_details`
--

DROP TABLE IF EXISTS `booking_transactions_details`;
CREATE TABLE IF NOT EXISTS `booking_transactions_details` (
  `count` int(11) NOT NULL AUTO_INCREMENT,
  `transaction_id` varchar(50) NOT NULL,
  `lesson` int(11) NOT NULL,
  `number_of_classes` int(11) NOT NULL,
  `unit_price` double NOT NULL,
  `start_date` varchar(20) NOT NULL,
  `is_rescheduled` varchar(5) NOT NULL DEFAULT 'NO',
  `reschedule_reason` varchar(500) DEFAULT NULL,
  `new_start_date` varchar(20) DEFAULT NULL,
  `training_facility` varchar(20) NOT NULL,
  `payment_status` int(8) NOT NULL DEFAULT '1001',
  `approvedat` timestamp NULL DEFAULT NULL,
  `approvedby` varchar(20) DEFAULT NULL,
  `approval_comment` varchar(1000) DEFAULT NULL,
  `assigned_trainer` varchar(20) DEFAULT NULL,
  `reminder_sms_sent` varchar(5) NOT NULL DEFAULT 'NO',
  `trainer_approvedat` datetime DEFAULT NULL,
  `trainer_approval_comment` varchar(1000) DEFAULT NULL,
  `is_reassigned` varchar(5) NOT NULL DEFAULT 'NO',
  `re_assignedat` datetime DEFAULT NULL,
  `reassign_reason` varchar(50) DEFAULT NULL,
  `new_trainer` varchar(20) DEFAULT NULL,
  `new_reminder_sms_sent` varchar(5) NOT NULL DEFAULT 'NO',
  `new_trainer_approvedat` datetime DEFAULT NULL,
  `new_trainer_approval_comment` varchar(1000) DEFAULT NULL,
  `attendance_status` int(8) NOT NULL DEFAULT '1001',
  `trainer_rating` int(1) DEFAULT NULL,
  `facility_rating` int(1) DEFAULT NULL,
  `status` int(11) NOT NULL DEFAULT '1001',
  PRIMARY KEY (`count`)
) ENGINE=MyISAM AUTO_INCREMENT=114 DEFAULT CHARSET=latin1;

--
-- Dumping data for table `booking_transactions_details`
--

INSERT INTO `booking_transactions_details` (`count`, `transaction_id`, `lesson`, `number_of_classes`, `unit_price`, `start_date`, `is_rescheduled`, `reschedule_reason`, `new_start_date`, `training_facility`, `payment_status`, `approvedat`, `approvedby`, `approval_comment`, `assigned_trainer`, `reminder_sms_sent`, `trainer_approvedat`, `trainer_approval_comment`, `is_reassigned`, `re_assignedat`, `reassign_reason`, `new_trainer`, `new_reminder_sms_sent`, `new_trainer_approvedat`, `new_trainer_approval_comment`, `attendance_status`, `trainer_rating`, `facility_rating`, `status`) VALUES
(49, '8E422FF92FCB6EFC21E3A090A6A55211', 1, 1, 2000, '2018-02-28', 'YES', 'WORK RELATED ENGAGEMENT', '2018-06-03', '1', 1001, '2018-04-12 15:06:07', 'TESTING', 'PLEASE DEAL', '4', 'NO', NULL, NULL, 'YES', '2018-05-11 09:07:02', 'TRAINEE DECLINED ASSIGNED TRAINER', '8', 'NO', '2018-05-11 09:07:02', 'Auto-reassigned', 1000, 4, 3, 1002),
(50, '8E422FF92FCB6EFC21E3A090A6A55211', 2, 1, 2000, '2018-02-28', 'YES', 'WORK RELATED ENGAGEMENT', '2018-06-03', '1', 1001, '2018-04-12 15:06:07', 'TESTING', 'PLEASE DEAL', '4', 'YES', NULL, NULL, 'NO', NULL, NULL, NULL, 'NO', NULL, NULL, 1001, NULL, NULL, 1011),
(51, '8E422FF92FCB6EFC21E3A090A6A55211', 3, 1, 2000, '2018-02-28', 'YES', 'WORK RELATED ENGAGEMENT', '2018-06-03', '1', 1001, '2018-04-12 15:06:07', 'TESTING', 'PLEASE DEAL', '4', 'NO', NULL, NULL, 'NO', NULL, NULL, NULL, 'NO', NULL, NULL, 1001, NULL, NULL, 1001),
(54, 'EDB6233EF4B1A39F0BE4E02A4837CA00', 1, 1, 1000, '2018-02-28', 'YES', 'WORK RELATED ENGAGEMENT', '2018-06-03', '1', 1001, '2018-04-12 15:06:07', 'TESTING', 'PLEASE DEAL', '4', 'YES', '2018-05-07 16:02:56', 'JUST TESTING', 'NO', NULL, NULL, NULL, 'NO', NULL, NULL, 1001, NULL, NULL, 1002),
(55, 'EDB6233EF4B1A39F0BE4E02A4837CA00', 3, 1, 2500, '2018-02-28', 'YES', 'WORK RELATED ENGAGEMENT', '2018-06-03', '3', 1001, '2018-04-12 15:06:07', 'TESTING', 'PLEASE DEAL', '4', 'YES', NULL, NULL, 'NO', NULL, NULL, NULL, 'NO', NULL, NULL, 1001, NULL, NULL, 1011),
(56, '7A65DC96FF3E7DF489531335D29AD16A', 1, 1, 1000, '2018-02-28', 'YES', 'WORK RELATED ENGAGEMENT', '2018-06-03', '1', 1001, '2018-04-12 15:06:07', 'TESTING', 'PLEASE DEAL', '4', 'YES', '2018-05-06 19:48:32', 'TEST', 'NO', NULL, NULL, NULL, 'NO', NULL, NULL, 1001, NULL, NULL, 1002),
(57, '7A65DC96FF3E7DF489531335D29AD16A', 5, 1, 7000, '2018-02-28', 'NO', NULL, NULL, '5', 1001, '2018-04-12 15:06:07', 'TESTING', 'PLEASE DEAL', '4', 'YES', NULL, NULL, 'NO', NULL, NULL, NULL, 'NO', NULL, NULL, 1001, NULL, NULL, 1011),
(58, '480ABC45904832693EDD133981CA1AFE', 1, 1, 1000, '2018-01-1', 'NO', NULL, NULL, '1', 1001, '2018-04-12 15:06:07', 'TESTING', 'PLEASE DEAL', '4', 'NO', NULL, NULL, 'NO', NULL, NULL, NULL, 'NO', NULL, NULL, 1001, NULL, NULL, 1001),
(59, '480ABC45904832693EDD133981CA1AFE', 3, 1, 2500, '2018-01-1', 'NO', NULL, NULL, '3', 1001, '2018-04-12 15:06:07', 'TESTING', 'PLEASE DEAL', '4', 'NO', NULL, NULL, 'NO', NULL, NULL, NULL, 'NO', NULL, NULL, 1001, NULL, NULL, 1001),
(60, '74C08AC12D407046BC97CD72ABF72FA1', 1, 1, 1000, '2018-01-1', 'NO', NULL, NULL, '1', 1001, '2018-04-12 15:06:07', 'TESTING', 'PLEASE DEAL', '4', 'NO', NULL, NULL, 'NO', NULL, NULL, NULL, 'NO', NULL, NULL, 1001, NULL, NULL, 1001),
(61, '74C08AC12D407046BC97CD72ABF72FA1', 2, 1, 2000, '2018-01-1', 'NO', NULL, NULL, '2', 1001, '2018-04-12 15:06:07', 'TESTING', 'PLEASE DEAL', '4', 'NO', NULL, NULL, 'NO', NULL, NULL, NULL, 'NO', NULL, NULL, 1001, NULL, NULL, 1001),
(62, '113807FCF960C3FF8D81A867C25F3788', 1, 1, 1000, '2018-05-16', 'NO', NULL, NULL, '1', 1001, '2018-04-12 15:06:07', 'TESTING', 'PLEASE DEAL', '4', 'NO', NULL, NULL, 'NO', NULL, NULL, NULL, 'NO', NULL, NULL, 1001, NULL, NULL, 1001),
(63, '113807FCF960C3FF8D81A867C25F3788', 2, 1, 2000, '2018-05-16', 'NO', NULL, NULL, '2', 1001, '2018-04-12 15:06:07', 'TESTING', 'PLEASE DEAL', '4', 'NO', NULL, NULL, 'NO', NULL, NULL, NULL, 'NO', NULL, NULL, 1001, NULL, NULL, 1001),
(64, '113807FCF960C3FF8D81A867C25F3788', 3, 1, 2500, '2018-05-16', 'NO', NULL, NULL, '3', 1001, '2018-04-12 15:06:07', 'TESTING', 'PLEASE DEAL', '4', 'NO', NULL, NULL, 'NO', NULL, NULL, NULL, 'NO', NULL, NULL, 1001, NULL, NULL, 1001),
(65, 'DA9D890FC69676C2292DD88DB454736B', 1, 1, 1000, '2018-06-1', 'NO', NULL, NULL, '1', 1001, '2018-04-12 15:06:07', 'TESTING', 'PLEASE DEAL', '4', 'NO', NULL, NULL, 'NO', NULL, NULL, NULL, 'NO', NULL, NULL, 1001, NULL, NULL, 1001),
(66, 'DA9D890FC69676C2292DD88DB454736B', 5, 1, 7000, '2018-06-1', 'NO', NULL, NULL, '5', 1001, '2018-04-12 15:06:07', 'TESTING', 'PLEASE DEAL', '4', 'NO', NULL, NULL, 'NO', NULL, NULL, NULL, 'NO', NULL, NULL, 1001, NULL, NULL, 1001),
(67, '23235BD45BC6867D15049CB00E727E9C', 2, 1, 2000, '2018-08-1', 'NO', NULL, NULL, '2', 1001, '2018-04-12 15:06:07', 'TESTING', 'PLEASE DEAL', '4', 'NO', NULL, NULL, 'NO', NULL, NULL, NULL, 'NO', NULL, NULL, 1001, NULL, NULL, 1001),
(68, '23235BD45BC6867D15049CB00E727E9C', 4, 1, 4500, '2018-08-1', 'NO', NULL, NULL, '4', 1001, '2018-04-12 15:06:07', 'TESTING', 'PLEASE DEAL', '4', 'NO', NULL, NULL, 'NO', NULL, NULL, NULL, 'NO', NULL, NULL, 1001, NULL, NULL, 1001),
(69, '3AC96C02868EB5D406A0A8D4F833366E', 1, 1, 1000, '2018-05-21', 'NO', NULL, NULL, '1', 1001, '2018-04-12 15:06:07', 'TESTING', 'PLEASE DEAL', '4', 'NO', NULL, NULL, 'NO', NULL, NULL, NULL, 'NO', NULL, NULL, 1001, NULL, NULL, 1001),
(70, '3AC96C02868EB5D406A0A8D4F833366E', 4, 1, 4500, '2018-05-21', 'NO', NULL, NULL, '4', 1001, '2018-04-12 15:06:07', 'TESTING', 'PLEASE DEAL', '4', 'NO', NULL, NULL, 'NO', NULL, NULL, NULL, 'NO', NULL, NULL, 1001, NULL, NULL, 1001),
(71, '3AC96C02868EB5D406A0A8D4F833366E', 5, 1, 7000, '2018-05-21', 'NO', NULL, NULL, '5', 1001, '2018-04-12 15:06:07', 'TESTING', 'PLEASE DEAL', '4', 'NO', NULL, NULL, 'NO', NULL, NULL, NULL, 'NO', NULL, NULL, 1001, NULL, NULL, 1001),
(72, '3AC96C02868EB5D406A0A8D4F833366E', 3, 1, 2500, '2018-05-21', 'NO', NULL, NULL, '3', 1001, '2018-04-12 15:06:07', 'TESTING', 'PLEASE DEAL', '4', 'YES', NULL, NULL, 'NO', NULL, NULL, NULL, 'NO', NULL, NULL, 1001, NULL, NULL, 1011),
(73, '2B17FCD2B79852CF23147F64C46867F0', 1, 2, 1000, '2018-06-1', 'NO', NULL, NULL, '1', 1001, '2018-04-12 15:06:07', 'TESTING', 'PLEASE DEAL', '4', 'NO', '2018-05-07 20:43:51', 'APPROVED', 'NO', NULL, NULL, NULL, 'NO', NULL, NULL, 1001, NULL, NULL, 1002),
(74, '2B17FCD2B79852CF23147F64C46867F0', 4, 1, 4500, '2018-06-1', 'NO', NULL, NULL, '4', 1001, '2018-04-12 15:06:07', 'TESTING', 'PLEASE DEAL', '4', 'NO', '2018-05-07 20:40:15', 'TESTING', 'NO', NULL, NULL, NULL, 'NO', NULL, NULL, 1001, NULL, NULL, 1002),
(75, '2B17FCD2B79852CF23147F64C46867F0', 5, 1, 7000, '2018-06-1', 'NO', NULL, NULL, '5', 1001, '2018-04-12 15:06:07', 'TESTING', 'PLEASE DEAL', '4', 'YES', NULL, NULL, 'NO', NULL, NULL, NULL, 'NO', NULL, NULL, 1001, NULL, NULL, 1011),
(76, '2B17FCD2B79852CF23147F64C46867F0', 3, 2, 2500, '2018-06-1', 'NO', NULL, NULL, '3', 1001, '2018-04-12 15:06:07', 'TESTING', 'PLEASE DEAL', '4', 'NO', '2018-05-07 15:58:28', 'JHJGHJKJG', 'NO', NULL, NULL, NULL, 'NO', NULL, NULL, 1001, NULL, NULL, 1002),
(77, '8421186D62B93DF2DF155DB4C7DA76B1', 1, 1, 1000, '2018-06-1', 'NO', NULL, NULL, '1', 1001, '2018-04-12 15:06:07', 'TESTING', 'PLEASE DEAL', '4', 'NO', NULL, NULL, 'NO', NULL, NULL, NULL, 'NO', NULL, NULL, 1001, NULL, NULL, 1001),
(78, '8421186D62B93DF2DF155DB4C7DA76B1', 2, 1, 2000, '2018-06-1', 'NO', NULL, NULL, '2', 1001, '2018-04-12 15:06:07', 'TESTING', 'PLEASE DEAL', '4', 'NO', NULL, NULL, 'NO', NULL, NULL, NULL, 'NO', NULL, NULL, 1001, NULL, NULL, 1001),
(79, '8421186D62B93DF2DF155DB4C7DA76B1', 3, 1, 2500, '2018-06-1', 'NO', NULL, NULL, '3', 1001, '2018-04-12 15:06:07', 'TESTING', 'PLEASE DEAL', '4', 'NO', NULL, NULL, 'NO', NULL, NULL, NULL, 'NO', NULL, NULL, 1001, NULL, NULL, 1011),
(80, 'C9FD1459506484E0AFAD1EE8F6646B12', 1, 1, 1000, '1999-05-1', 'NO', NULL, NULL, '1', 1001, '2018-04-12 15:06:07', 'TESTING', 'PLEASE DEAL', '4', 'NO', NULL, NULL, 'NO', NULL, NULL, NULL, 'NO', NULL, NULL, 1001, NULL, NULL, 1001),
(81, '69BD881B2FFAEDDEFDA6C372CFF3D805', 1, 1, 1000, '1999-05-1', 'NO', NULL, NULL, '1', 1001, '2018-04-12 15:06:07', 'TESTING', 'PLEASE DEAL', '4', 'YES', NULL, NULL, 'NO', NULL, NULL, NULL, 'NO', NULL, NULL, 1011, NULL, NULL, 1011),
(82, '16AB376BC6D5BE850F860AF6E0D7AB32', 1, 1, 1000, '1999-05-1', 'NO', NULL, NULL, '1', 1001, '2018-04-12 15:06:07', 'TESTING', 'PLEASE DEAL', '4', 'YES', NULL, NULL, 'NO', NULL, NULL, NULL, 'NO', NULL, NULL, 1011, NULL, NULL, 1011),
(83, '193042F80F874F49983BE706DFD02ACC', 1, 1, 1000, '1999-05-1', 'NO', NULL, NULL, '1', 1001, '2018-04-12 15:06:07', 'TESTING', 'PLEASE DEAL', '4', 'YES', NULL, NULL, 'NO', NULL, NULL, NULL, 'NO', NULL, NULL, 1011, NULL, NULL, 1011),
(84, '193042F80F874F49983BE706DFD02ACC', 1, 1, 1000, '1999-05-1', 'NO', NULL, NULL, '1', 1001, '2018-04-12 15:06:07', 'TESTING', 'PLEASE DEAL', '4', 'NO', NULL, NULL, 'NO', NULL, NULL, NULL, 'NO', NULL, NULL, 1001, NULL, NULL, 1001),
(85, '193042F80F874F49983BE706DFD02ACC', 2, 1, 2000, '1999-05-1', 'NO', NULL, NULL, '2', 1001, '2018-04-12 15:06:07', 'TESTING', 'PLEASE DEAL', '4', 'NO', NULL, NULL, 'NO', NULL, NULL, NULL, 'NO', NULL, NULL, 1001, NULL, NULL, 1001),
(86, '0B607A895D5EF5CAE9A3E93C28710426', 2, 1, 2000, '2018-06-1', 'NO', NULL, NULL, '2', 1001, '2018-04-12 15:06:07', 'TESTING', 'PLEASE DEAL', '4', 'NO', '2018-05-10 13:41:28', 'AUTO-APPROVED', 'NO', NULL, NULL, NULL, 'NO', NULL, NULL, 1001, NULL, NULL, 1011),
(87, '5BFFFD721DA2FF3F7541E1B65721B604', 2, 1, 2000, '2018-06-1', 'NO', NULL, NULL, '2', 1001, '2018-04-12 15:06:07', 'TESTING', 'PLEASE DEAL', '4', 'NO', '2018-05-10 13:42:58', 'AUTO-APPROVED', 'NO', NULL, NULL, NULL, 'NO', NULL, NULL, 1001, NULL, NULL, 1011),
(88, '7CC29A323B8FF78C409D564A439865C1', 2, 1, 2000, '2018-06-1', 'NO', NULL, NULL, '2', 1001, '2018-04-12 15:06:07', 'TESTING', 'PLEASE DEAL', '4', 'NO', '2018-05-10 13:45:21', 'AUTO-APPROVED', 'NO', NULL, NULL, NULL, 'NO', NULL, NULL, 1001, NULL, NULL, 1011),
(89, '0BFEFACBEE011E12F25497D1C2DFBAFD', 2, 1, 2000, '2018-06-1', 'NO', NULL, NULL, '2', 1001, '2018-04-12 15:06:07', 'TESTING', 'PLEASE DEAL', '4', 'NO', '2018-05-10 13:48:01', 'AUTO-APPROVED', 'NO', NULL, NULL, NULL, 'NO', NULL, NULL, 1001, NULL, NULL, 1011),
(90, 'E81AC3C454C77FCC4789EAAFD8210928', 2, 1, 2000, '2018-06-1', 'NO', NULL, NULL, '2', 1001, '2018-04-12 15:06:07', 'TESTING', 'PLEASE DEAL', '4', 'NO', '2018-05-10 13:49:11', 'AUTO-APPROVED', 'NO', NULL, NULL, NULL, 'NO', NULL, NULL, 1001, NULL, NULL, 1011),
(91, 'B6E7454F14DC3E6274C169BA94D924D2', 2, 1, 2000, '2018-06-1', 'NO', NULL, NULL, '2', 1001, '2018-04-12 15:06:07', 'TESTING', 'PLEASE DEAL', '4', 'NO', '2018-05-10 13:51:21', 'AUTO-APPROVED', 'NO', NULL, NULL, NULL, 'NO', NULL, NULL, 1001, NULL, NULL, 1011),
(92, '1F3D22F0826B693D0F67C2E14B3B2874', 2, 1, 2000, '2018-06-1', 'NO', NULL, NULL, '2', 1001, '2018-04-12 15:06:07', 'TESTING', 'PLEASE DEAL', '4', 'NO', '2018-05-10 13:51:52', 'AUTO-APPROVED', 'NO', NULL, NULL, NULL, 'NO', NULL, NULL, 1001, NULL, NULL, 1011),
(93, '1F3D22F0826B693D0F67C2E14B3B2874', 2, 1, 2000, '2018-06-1', 'NO', NULL, NULL, '2', 1001, '2018-04-12 15:06:07', 'TESTING', 'PLEASE DEAL', '4', 'NO', '2018-05-10 13:51:55', 'AUTO-APPROVED', 'NO', NULL, NULL, NULL, 'NO', NULL, NULL, 1001, NULL, NULL, 1011),
(94, '1F3D22F0826B693D0F67C2E14B3B2874', 5, 1, 7000, '2018-06-1', 'NO', NULL, NULL, '5', 1001, '2018-04-12 15:06:07', 'TESTING', 'PLEASE DEAL', '4', 'NO', '2018-05-10 13:51:55', 'AUTO-APPROVED', 'NO', NULL, NULL, NULL, 'NO', NULL, NULL, 1001, NULL, NULL, 1011),
(95, 'A16C7E7D4BDBD64DC0862354C70EF336', 2, 1, 2000, '2018-06-1', 'NO', NULL, NULL, '2', 1001, '2018-04-12 15:06:07', 'TESTING', 'PLEASE DEAL', '4', 'NO', '2018-05-10 13:56:38', 'AUTO-APPROVED', 'NO', NULL, NULL, NULL, 'NO', NULL, NULL, 1001, NULL, NULL, 1011),
(96, 'A16C7E7D4BDBD64DC0862354C70EF336', 2, 1, 2000, '2018-06-1', 'NO', NULL, NULL, '2', 1001, '2018-04-12 15:06:07', 'TESTING', 'PLEASE DEAL', '4', 'NO', '2018-05-10 13:56:40', 'AUTO-APPROVED', 'NO', NULL, NULL, NULL, 'NO', NULL, NULL, 1001, NULL, NULL, 1011),
(97, 'A16C7E7D4BDBD64DC0862354C70EF336', 5, 1, 7000, '2018-06-1', 'NO', NULL, NULL, '5', 1001, '2018-04-12 15:06:07', 'TESTING', 'PLEASE DEAL', '4', 'NO', '2018-05-10 13:56:41', 'AUTO-APPROVED', 'NO', NULL, NULL, NULL, 'NO', NULL, NULL, 1001, NULL, NULL, 1011),
(98, '7079456E8719B0D5C3529E2BB03CB8D6', 1, 1, 1000, '2018-07-1', 'NO', NULL, NULL, '1', 1001, '2018-04-12 15:06:07', 'TESTING', 'PLEASE DEAL', '4', 'NO', '2018-05-10 13:59:27', 'AUTO-APPROVED', 'NO', NULL, NULL, NULL, 'NO', NULL, NULL, 1001, NULL, NULL, 1011),
(99, '4CC1326B4AAC9149CC5EB423F1D34297', 1, 1, 1000, '2018-07-1', 'NO', NULL, NULL, '1', 1001, '2018-04-12 15:06:07', 'TESTING', 'PLEASE DEAL', '4', 'NO', '2018-05-10 14:06:18', 'AUTO-APPROVED', 'NO', NULL, NULL, NULL, 'NO', NULL, NULL, 1001, NULL, NULL, 1011),
(100, 'F267EFDA1FDA4FDD632447222F0C9366', 1, 1, 1000, '2018-07-1', 'NO', NULL, NULL, '1', 1001, '2018-04-12 15:06:07', 'TESTING', 'PLEASE DEAL', '4', 'NO', '2018-05-10 14:08:12', 'AUTO-APPROVED', 'NO', NULL, NULL, NULL, 'NO', NULL, NULL, 1001, NULL, NULL, 1011),
(101, 'F267EFDA1FDA4FDD632447222F0C9366', 1, 1, 1000, '2018-07-1', 'NO', NULL, NULL, '1', 1001, '2018-04-12 15:06:07', 'TESTING', 'PLEASE DEAL', '4', 'NO', '2018-05-10 14:08:15', 'AUTO-APPROVED', 'NO', NULL, NULL, NULL, 'NO', NULL, NULL, 1001, NULL, NULL, 1011),
(102, 'F267EFDA1FDA4FDD632447222F0C9366', 3, 1, 2500, '2018-07-1', 'NO', NULL, NULL, '3', 1001, '2018-04-12 15:06:07', 'TESTING', 'PLEASE DEAL', '4', 'NO', '2018-05-10 14:08:16', 'AUTO-APPROVED', 'NO', NULL, NULL, NULL, 'NO', NULL, NULL, 1001, NULL, NULL, 1011),
(103, '3874B97A466D585880F14FE325779A71', 1, 1, 1000, '2018-06-1', 'NO', NULL, NULL, '1', 1001, '2018-04-12 15:06:07', 'TESTING', 'PLEASE DEAL', '4', 'NO', '2018-05-10 14:15:19', 'AUTO-APPROVED', 'NO', NULL, NULL, NULL, 'NO', NULL, NULL, 1001, NULL, NULL, 1011),
(104, '3874B97A466D585880F14FE325779A71', 1, 1, 1000, '2018-06-1', 'NO', NULL, NULL, '1', 1001, '2018-04-12 15:06:07', 'TESTING', 'PLEASE DEAL', '4', 'NO', '2018-05-10 14:15:22', 'AUTO-APPROVED', 'NO', NULL, NULL, NULL, 'NO', NULL, NULL, 1001, NULL, NULL, 1011),
(105, '3874B97A466D585880F14FE325779A71', 3, 1, 2500, '2018-06-1', 'NO', NULL, NULL, '3', 1001, '2018-04-12 15:06:07', 'TESTING', 'PLEASE DEAL', '4', 'NO', '2018-05-10 14:15:22', 'AUTO-APPROVED', 'NO', NULL, NULL, NULL, 'NO', NULL, NULL, 1001, NULL, NULL, 1011),
(106, '3874B97A466D585880F14FE325779A71', 2, 1, 2000, '2018-06-1', 'NO', NULL, NULL, '2', 1001, '2018-04-12 15:06:07', 'TESTING', 'PLEASE DEAL', '4', 'NO', '2018-05-10 14:15:23', 'AUTO-APPROVED', 'NO', NULL, NULL, NULL, 'NO', NULL, NULL, 1001, NULL, NULL, 1011),
(107, '3874B97A466D585880F14FE325779A71', 3, 1, 2500, '2018-06-1', 'NO', NULL, NULL, '3', 1001, '2018-04-12 15:06:07', 'TESTING', 'PLEASE DEAL', '4', 'NO', '2018-05-10 14:15:24', 'AUTO-APPROVED', 'NO', NULL, NULL, NULL, 'NO', NULL, NULL, 1001, NULL, NULL, 1011),
(108, '0BA8D4A04B47AB159FD58E85B750096A', 1, 1, 1000, '2018-06-1', 'NO', NULL, NULL, '1', 1001, '2018-04-12 15:06:07', 'TESTING', 'PLEASE DEAL', '4', 'NO', '2018-05-10 14:32:41', 'AUTO-APPROVED', 'YES', '2018-05-10 17:21:06', NULL, '8', 'NO', '2018-05-10 17:21:06', 'Auto-reassigned', 1001, NULL, NULL, 1011),
(109, '0BA8D4A04B47AB159FD58E85B750096A', 1, 1, 1000, '2018-06-1', 'NO', NULL, NULL, '1', 1001, '2018-04-12 15:06:07', 'TESTING', 'PLEASE DEAL', '4', 'NO', '2018-05-10 14:32:43', 'AUTO-APPROVED', 'NO', NULL, NULL, NULL, 'NO', NULL, NULL, 1001, NULL, NULL, 1011),
(110, '0BA8D4A04B47AB159FD58E85B750096A', 3, 1, 2500, '2018-06-1', 'NO', NULL, NULL, '3', 1001, '2018-04-12 15:06:07', 'TESTING', 'PLEASE DEAL', '4', 'NO', '2018-05-10 14:32:43', 'AUTO-APPROVED', 'NO', NULL, NULL, NULL, 'NO', NULL, NULL, 1001, NULL, NULL, 1011),
(111, 'C929BAED0CF967FDD40F60C9682A7638', 1, 1, 1000, '2018-01-1', 'NO', NULL, NULL, '1', 1001, '2018-06-05 17:13:43', '1', 'AUTO ASSIGNED', '4', 'NO', '2018-06-05 20:13:43', 'AUTO-APPROVED', 'NO', NULL, NULL, NULL, 'NO', NULL, NULL, 1001, NULL, NULL, 1011),
(112, 'C929BAED0CF967FDD40F60C9682A7638', 1, 1, 1000, '2018-01-1', 'NO', NULL, NULL, '1', 1001, NULL, NULL, NULL, NULL, 'NO', '2018-06-05 20:13:44', 'AUTO-APPROVED', 'NO', NULL, NULL, NULL, 'NO', NULL, NULL, 1001, NULL, NULL, 1011),
(113, 'C929BAED0CF967FDD40F60C9682A7638', 2, 1, 2000, '2018-01-1', 'NO', NULL, NULL, '2', 1001, NULL, NULL, NULL, NULL, 'NO', '2018-06-05 20:13:44', 'AUTO-APPROVED', 'NO', NULL, NULL, NULL, 'NO', NULL, NULL, 1001, NULL, NULL, 1011);

-- --------------------------------------------------------

--
-- Table structure for table `contacts`
--

DROP TABLE IF EXISTS `contacts`;
CREATE TABLE IF NOT EXISTS `contacts` (
  `id` int(11) NOT NULL AUTO_INCREMENT,
  `user_id` int(11) NOT NULL,
  `phone_number1` varchar(20) NOT NULL,
  `phone_number2` varchar(20) DEFAULT NULL,
  `email` varchar(50) NOT NULL,
  `postal_number` varchar(20) DEFAULT NULL,
  `postal_code` varchar(20) DEFAULT NULL,
  `postal_town` varchar(30) DEFAULT NULL,
  `county` int(4) DEFAULT NULL,
  `ward` int(4) DEFAULT NULL,
  `prof_picture` varchar(50) DEFAULT NULL,
  `website` varchar(50) DEFAULT NULL,
  `status` int(8) NOT NULL DEFAULT '1011',
  `createdat` datetime NOT NULL DEFAULT CURRENT_TIMESTAMP,
  `createdby` varchar(30) NOT NULL,
  `lastmodifiedat` datetime NOT NULL DEFAULT CURRENT_TIMESTAMP,
  `lastmodifiedby` varchar(30) NOT NULL,
  PRIMARY KEY (`id`)
) ENGINE=MyISAM AUTO_INCREMENT=51 DEFAULT CHARSET=latin1;

--
-- Dumping data for table `contacts`
--

INSERT INTO `contacts` (`id`, `user_id`, `phone_number1`, `phone_number2`, `email`, `postal_number`, `postal_code`, `postal_town`, `county`, `ward`, `prof_picture`, `website`, `status`, `createdat`, `createdby`, `lastmodifiedat`, `lastmodifiedby`) VALUES
(1, 1, '+254710534013', '+254737773314', 'MAURICEMUGENI@GMAIL.COM', '21433', '00100', 'NAIROBI', 1, 1, '084844CF1D16480C75298CF27DCFEDD9.JPG', 'WWW.REFLEXCONCEPTS.CO.KE', 1011, '2018-03-28 21:21:34', 'TESTING', '2018-03-28 21:21:34', 'TESTING'),
(2, 2, '+254710534013', '+254737773314', 'MAURICEMUGENI@GMAIL.COM', '21433', '00100', 'NAIROBI', 1, 1, 'E598A5795D337B11DFAF13DADE60879B.JPG', 'WWW.REFLEXCONCEPTS.CO.KE', 1011, '2018-03-28 21:23:52', 'TESTING', '2018-03-28 21:23:52', 'TESTING'),
(3, 3, '+254710534013', '+254737773314', 'MAURICEMUGENI@GMAIL.COM', '21433', '00100', 'NAIROBI', 1, 1, 'F9CD359E979E2479A5372C7F90E708FA.JPG', 'WWW.REFLEXCONCEPTS.CO.KE', 1011, '2018-03-28 21:29:24', 'TESTING', '2018-03-28 21:29:24', 'TESTING'),
(4, 4, '+254710534013', '+254737773314', 'MOMUGZ@GMAIL.COM', '21433', '00100', 'NAIROBI', 1, 1, 'DB5906FC9D0F6CB6FB06789A89F4194C.JPG', 'WWW.REFLEXCONCEPTS.CO.KE', 1011, '2018-03-30 05:53:21', 'TESTING', '2018-03-30 05:53:21', 'TESTING'),
(5, 5, '+254710534013', '+254737773314', 'MAURICEMUGENI@GMAIL.COM', '21433', '00100', 'NAIROBI', 1, 1, '8B305A9E58386E30576EBB3EC9DEAA9E.JPG', 'WWW.REFLEXCONCEPTS.CO.KE', 1011, '2018-03-30 06:06:42', 'TESTING', '2018-03-30 06:06:42', 'TESTING'),
(6, 6, '+254710534013', '+254737773314', 'MAURICEMUGENI@GMAIL.COM', '21433', '00100', 'NAIROBI', 1, 1, 'E12F7C6FFBFF09A05A8172DD9C876630.JPG', 'WWW.REFLEXCONCEPTS.CO.KE', 1011, '2018-03-30 06:12:05', 'TESTING', '2018-03-30 06:12:05', 'TESTING'),
(7, 7, '+254710534013', '+254737773314', 'MOMUGZ@GMAIL.COM', '21433', '00100', 'NAIROBI', 1, 1, 'D522A2B846A76D8D0E90317CC4EB8A13.JPG', 'WWW.REFLEXCONCEPTS.CO.KE', 1011, '2018-03-30 06:16:14', 'TESTING', '2018-03-30 06:16:14', 'TESTING'),
(8, 8, '+254710534013', '+254737773314', 'MOMUGZ@GMAIL.COM', '21433', '00100', 'NAIROBI', 1, 1, '828F5E0069993B58B7427F31A593A473.JPG', 'WWW.REFLEXCONCEPTS.CO.KE', 1011, '2018-03-30 06:21:28', 'TESTING', '2018-03-30 06:21:28', 'TESTING'),
(9, 9, '+254710534013', '+254737773314', 'MOMUGZ@GMAIL.COM', '21433', '00100', 'NAIROBI', 1, 1, '6E6603C42DEA0FB1A1C3AC684754B919.JPG', 'WWW.REFLEXCONCEPTS.CO.KE', 1011, '2018-03-30 06:25:14', 'TESTING', '2018-03-30 06:25:14', 'TESTING'),
(10, 10, '+254710534013', '+254737773314', 'MOMUGZ@GMAIL.COM', '21433', '00100', 'NAIROBI', 1, 1, '5042D29B5998FF96EAE074BAF831B0EC.JPG', 'WWW.REFLEXCONCEPTS.CO.KE', 1011, '2018-03-30 08:31:00', 'TESTING', '2018-03-30 08:31:00', 'TESTING'),
(32, 24, '+254710534013', NULL, 'BENARDKAMAU@GMAIL.COM', NULL, NULL, NULL, NULL, NULL, NULL, NULL, 1011, '2018-05-10 16:42:58', '24', '2018-05-10 16:42:58', '24'),
(33, 25, '+254710534013', NULL, 'BENARDKAMAU@GMAIL.COM', NULL, NULL, NULL, NULL, NULL, NULL, NULL, 1011, '2018-05-10 16:45:20', '25', '2018-05-10 16:45:20', '25'),
(31, 23, '+254710534013', NULL, 'BENARDKAMAU@GMAIL.COM', NULL, NULL, NULL, NULL, NULL, NULL, NULL, 1011, '2018-05-10 16:41:28', '23', '2018-05-10 16:41:28', '23'),
(30, 1, '+254740035757', '+254737773314', 'BYRON.KWACH@DKTHEALTHCARE.ORG', '', '', '', 1, 1, '3F18455154B6E5D969EEA43E40BF2D5B.JPG', 'WWW.REFLEXCONCEPTS.CO.KE', 1011, '2018-05-08 16:43:04', '1', '2018-05-08 16:43:04', '1'),
(28, 20, '+254715637922', NULL, 'NGARRY4@GMAIL.COM', NULL, NULL, NULL, NULL, NULL, NULL, NULL, 1011, '2018-05-08 16:32:39', '20', '2018-05-08 16:32:39', '20'),
(29, 21, '+254715637922', NULL, 'NGARRY4@GMAIL.COM', NULL, NULL, NULL, NULL, NULL, NULL, NULL, 1011, '2018-05-08 16:36:35', '21', '2018-05-08 16:36:35', '21'),
(26, 18, '+254710534013', NULL, 'BENARDSANG@GMAIL.COM', NULL, NULL, NULL, NULL, NULL, NULL, NULL, 1011, '2018-05-07 13:50:01', '18', '2018-05-07 13:50:01', '18'),
(27, 19, '+254710534013', NULL, 'JUMAJOSEPH@GMAIL.COM', NULL, NULL, NULL, NULL, NULL, NULL, NULL, 1011, '2018-05-07 18:42:24', '19', '2018-05-07 18:42:24', '19'),
(25, 17, '+254710534013', NULL, 'JAMESKAMAU@GMAIL.COM', NULL, NULL, NULL, NULL, NULL, NULL, NULL, 1011, '2018-05-07 13:45:42', '17', '2018-05-07 13:45:42', '17'),
(23, 15, '+254710534013', NULL, 'MARVINNZUNGA@GMAIL.COM', NULL, NULL, NULL, NULL, NULL, NULL, NULL, 1011, '2018-05-07 13:13:25', '15', '2018-05-07 13:13:25', '15'),
(24, 16, '+254710534013', NULL, 'BENARDNYAMAI@GMAIL.COM', NULL, NULL, NULL, NULL, NULL, NULL, NULL, 1011, '2018-05-07 13:36:21', '16', '2018-05-07 13:36:21', '16'),
(21, 13, '0710534013', NULL, 'BMUGENI@REFLEXCONCEPTS.CO.KE', NULL, NULL, NULL, NULL, NULL, NULL, NULL, 1011, '2018-05-07 12:38:12', '13', '2018-05-07 12:38:12', '13'),
(22, 14, '+254710534013', NULL, 'JOHNKINYORU@GMAIL.COM', NULL, NULL, NULL, NULL, NULL, NULL, NULL, 1011, '2018-05-07 13:02:49', '14', '2018-05-07 13:02:49', '14'),
(19, 11, '+254710354013', NULL, 'TESTING5@GMAIL.COM', NULL, NULL, NULL, NULL, NULL, NULL, NULL, 1011, '2018-04-23 11:00:53', '11', '2018-04-23 11:00:53', '11'),
(20, 12, '+254710354013', NULL, 'TESTING6@GMAIL.COM', NULL, NULL, NULL, NULL, NULL, NULL, NULL, 1011, '2018-04-23 11:05:55', '12', '2018-04-23 11:05:55', '12'),
(34, 26, '+254710534013', NULL, 'BENARDKAMAU@GMAIL.COM', NULL, NULL, NULL, NULL, NULL, NULL, NULL, 1011, '2018-05-10 16:48:01', '26', '2018-05-10 16:48:01', '26'),
(35, 27, '+254710534013', NULL, 'BENARDKAMAU@GMAIL.COM', NULL, NULL, NULL, NULL, NULL, NULL, NULL, 1011, '2018-05-10 16:49:11', '27', '2018-05-10 16:49:11', '27'),
(36, 28, '+254710534013', NULL, 'BENARDKAMAU@GMAIL.COM', NULL, NULL, NULL, NULL, NULL, NULL, NULL, 1011, '2018-05-10 16:51:21', '28', '2018-05-10 16:51:21', '28'),
(37, 29, '+254710534013', NULL, 'BENARDKAMAU@GMAIL.COM', NULL, NULL, NULL, NULL, NULL, NULL, NULL, 1011, '2018-05-10 16:51:52', '29', '2018-05-10 16:51:52', '29'),
(38, 30, '+254710534013', NULL, 'JAMESKAMAU@GMAIL.COM', NULL, NULL, NULL, NULL, NULL, NULL, NULL, 1011, '2018-05-10 16:59:27', '30', '2018-05-10 16:59:27', '30'),
(39, 31, '+254710534013', NULL, 'JAMESKAMAU@GMAIL.COM', NULL, NULL, NULL, NULL, NULL, NULL, NULL, 1011, '2018-05-10 17:06:18', '31', '2018-05-10 17:06:18', '31'),
(40, 32, '+254710534013', NULL, 'JAMESKAMAU@GMAIL.COM', NULL, NULL, NULL, NULL, NULL, NULL, NULL, 1011, '2018-05-10 17:08:12', '32', '2018-05-10 17:08:12', '32'),
(41, 33, '+254710534013', NULL, 'TIMWATIMA@GMAIL.COM', NULL, NULL, NULL, NULL, NULL, NULL, NULL, 1011, '2018-05-10 17:32:41', '33', '2018-05-10 17:32:41', '33'),
(42, 34, '', NULL, '', NULL, NULL, NULL, NULL, NULL, '3209B08F426CBB75CE720A81150B62A4.SQL', NULL, 1011, '2018-05-14 19:48:33', '34', '2018-05-14 19:48:33', '34'),
(43, 35, '0789946578', NULL, 'BELLARMINE16@GMAIL.COM', NULL, NULL, NULL, NULL, NULL, 'CBCD4201B4FD10517604BA8D7B43BC71.PNG', NULL, 1011, '2018-05-17 12:05:27', '35', '2018-05-17 12:05:27', '35'),
(44, 36, '0712665223', NULL, 'ONCECADYMO@GMAIL.COM', NULL, NULL, NULL, NULL, NULL, '7AF4829B3D3E8B361BC4CB5B1491C48B.PNG', NULL, 1009, '2018-09-10 10:06:03', '36', '2021-07-06 18:31:15', '5'),
(45, 37, '0726317671', NULL, 'ONCECADYMO@GMAIL.COM', NULL, NULL, NULL, NULL, NULL, '15519CB8F04ADC0CA91821103C0FFD29.JPEG', NULL, 1011, '2018-09-10 10:07:16', '37', '2018-09-10 10:07:16', '37'),
(46, 38, '0792350569', NULL, 'NIXONOMUCHEI@GMAIL.COM', NULL, NULL, NULL, NULL, NULL, '15519CB8F04ADC0CA91821103C0FFD29.JPEG', NULL, 1011, '2018-09-12 10:22:29', '38', '2018-09-12 10:22:29', '38'),
(47, 11, '0792350569', NULL, 'NIXONOMUCHEI@GMAIL.COM', NULL, NULL, NULL, NULL, NULL, 'AE5D217DF0EEF6CE94510B6C977A1014.JPG', NULL, 1011, '2018-09-12 10:34:00', '39', '2018-09-12 10:34:00', '39'),
(50, 13, '0789946578', '', 'STARRMAHARE@GMAIL.COM', '00100', '00100', 'NAIROBI', 30, 1, '6EA7CF46B5027B6F7E984A81222725D5.54.58 AM.JPG', 'FITKONNECT.COM', 1011, '2021-07-12 21:46:21', '1', '2021-07-12 21:46:21', '1');

-- --------------------------------------------------------

--
-- Table structure for table `counties`
--

DROP TABLE IF EXISTS `counties`;
CREATE TABLE IF NOT EXISTS `counties` (
  `id` int(11) NOT NULL AUTO_INCREMENT,
  `name` varchar(30) NOT NULL,
  `status` int(11) NOT NULL DEFAULT '1011',
  `createdat` datetime NOT NULL DEFAULT CURRENT_TIMESTAMP,
  `createdby` varchar(30) NOT NULL,
  `lastmodifiedat` datetime NOT NULL DEFAULT CURRENT_TIMESTAMP,
  `lastmodifiedby` varchar(30) NOT NULL,
  PRIMARY KEY (`id`)
) ENGINE=MyISAM AUTO_INCREMENT=48 DEFAULT CHARSET=latin1;

--
-- Dumping data for table `counties`
--

INSERT INTO `counties` (`id`, `name`, `status`, `createdat`, `createdby`, `lastmodifiedat`, `lastmodifiedby`) VALUES
(1, 'BARINGO', 1011, '2018-03-28 13:05:58', '1', '2018-03-28 13:05:58', '1'),
(2, 'BOMET', 1011, '2018-03-28 13:05:58', '1', '2018-03-28 13:05:58', '1'),
(3, 'BUNGOMA', 1011, '2018-03-28 13:05:58', '1', '2018-03-28 13:05:58', '1'),
(4, 'BUSIA', 1011, '2018-03-28 13:05:58', '1', '2018-03-28 13:05:58', '1'),
(5, 'ELGEYO-MARAKWET', 1011, '2018-03-28 13:05:58', '1', '2018-03-28 13:05:58', '1'),
(6, 'EMBU', 1011, '2018-03-28 13:05:58', '1', '2018-03-28 13:05:58', '1'),
(7, 'GARISSA', 1011, '2018-03-28 13:05:58', '1', '2018-03-28 13:05:58', '1'),
(8, 'HOMABAY', 1011, '2018-03-28 13:05:58', '1', '2018-03-28 13:05:58', '1'),
(9, 'ISIOLO', 1011, '2018-03-28 13:05:58', '1', '2018-03-28 13:05:58', '1'),
(10, 'KAJIADO', 1011, '2018-03-28 13:05:58', '1', '2018-03-28 13:05:58', '1'),
(11, 'KAKAMEGA', 1011, '2018-03-28 13:05:58', '1', '2018-03-28 13:05:58', '1'),
(12, 'KERICHO', 1011, '2018-03-28 13:05:58', '1', '2018-03-28 13:05:58', '1'),
(13, 'KIAMBU', 1011, '2018-03-28 13:05:58', '1', '2018-03-28 13:05:58', '1'),
(14, 'KILIFI', 1011, '2018-03-28 13:05:58', '1', '2018-03-28 13:05:58', '1'),
(15, 'KIRINYAGA', 1011, '2018-03-28 13:05:58', '1', '2018-03-28 13:05:58', '1'),
(16, 'KISII', 1011, '2018-03-28 13:05:58', '1', '2018-03-28 13:05:58', '1'),
(17, 'KISUMU', 1011, '2018-03-28 13:05:58', '1', '2018-03-28 13:05:58', '1'),
(18, 'KITUI', 1011, '2018-03-28 13:05:58', '1', '2018-03-28 13:05:58', '1'),
(19, 'KWALE', 1011, '2018-03-28 13:05:58', '1', '2018-03-28 13:05:58', '1'),
(20, 'LAIKIPIA', 1011, '2018-03-28 13:11:35', '1', '2018-03-28 13:11:35', '1'),
(21, 'LAMU', 1011, '2018-03-28 13:11:35', '1', '2018-03-28 13:11:35', '1'),
(22, 'MACHAKOS', 1011, '2018-03-28 13:11:35', '1', '2018-03-28 13:11:35', '1'),
(23, 'MAKUENI', 1011, '2018-03-28 13:11:35', '1', '2018-03-28 13:11:35', '1'),
(24, 'MANDERA', 1011, '2018-03-28 13:11:35', '1', '2018-03-28 13:11:35', '1'),
(25, 'MARSABIT', 1011, '2018-03-28 13:11:35', '1', '2018-03-28 13:11:35', '1'),
(26, 'MERU', 1011, '2018-03-28 13:11:35', '1', '2018-03-28 13:11:35', '1'),
(27, 'MIGORI', 1011, '2018-03-28 13:11:35', '1', '2018-03-28 13:11:35', '1'),
(28, 'MOMBASA', 1011, '2018-03-28 13:11:35', '1', '2018-03-28 13:11:35', '1'),
(29, 'MURANG\'A', 1011, '2018-03-28 13:11:35', '1', '2018-03-28 13:11:35', '1'),
(30, 'NAIROBI', 1011, '2018-03-28 13:11:35', '1', '2018-03-28 13:11:35', '1'),
(31, 'NAKURU', 1011, '2018-03-28 13:11:35', '1', '2018-03-28 13:11:35', '1'),
(32, 'NANDI', 1011, '2018-03-28 13:11:35', '1', '2018-03-28 13:11:35', '1'),
(33, 'NAROK', 1011, '2018-03-28 13:11:35', '1', '2018-03-28 13:11:35', '1'),
(34, 'NYAMIRA', 1011, '2018-03-28 13:11:35', '1', '2018-03-28 13:11:35', '1'),
(35, 'NYANDARUA', 1011, '2018-03-28 13:11:35', '1', '2018-03-28 13:11:35', '1'),
(36, 'NYERI', 1011, '2018-03-28 13:11:35', '1', '2018-03-28 13:11:35', '1'),
(37, 'SAMBURU', 1011, '2018-03-28 13:11:35', '1', '2018-03-28 13:11:35', '1'),
(38, 'SIAYA', 1011, '2018-03-28 13:11:35', '1', '2018-03-28 13:11:35', '1'),
(39, 'TAITA TAVETA', 1011, '2018-03-28 13:11:35', '1', '2018-03-28 13:11:35', '1'),
(40, 'TANA RIVER', 1011, '2018-03-28 13:14:27', '1', '2018-03-28 13:14:27', '1'),
(41, 'THARAKA NITHI', 1011, '2018-03-28 13:14:27', '1', '2018-03-28 13:14:27', '1'),
(42, 'TRANS-NZOIA', 1011, '2018-03-28 13:14:27', '1', '2018-03-28 13:14:27', '1'),
(43, 'TURKANA', 1011, '2018-03-28 13:14:27', '1', '2018-03-28 13:14:27', '1'),
(44, 'UASIN GISHU', 1011, '2018-03-28 13:14:27', '1', '2018-03-28 13:14:27', '1'),
(45, 'VIHIGA', 1011, '2018-03-28 13:14:27', '1', '2018-03-28 13:14:27', '1'),
(46, 'WAJIR', 1011, '2018-03-28 13:14:27', '1', '2018-03-28 13:14:27', '1'),
(47, 'WEST POKOT', 1011, '2018-03-28 13:14:27', '1', '2018-03-28 13:14:27', '1');

-- --------------------------------------------------------

--
-- Table structure for table `cron_test`
--

DROP TABLE IF EXISTS `cron_test`;
CREATE TABLE IF NOT EXISTS `cron_test` (
  `date` date NOT NULL
) ENGINE=MyISAM DEFAULT CHARSET=latin1;

--
-- Dumping data for table `cron_test`
--

INSERT INTO `cron_test` (`date`) VALUES
('2018-05-04'),
('2018-05-04');

-- --------------------------------------------------------

--
-- Table structure for table `facility_ratings`
--

DROP TABLE IF EXISTS `facility_ratings`;
CREATE TABLE IF NOT EXISTS `facility_ratings` (
  `count` int(11) NOT NULL AUTO_INCREMENT,
  `facility_id` int(11) NOT NULL,
  `lesson_id` int(11) NOT NULL,
  `score` int(11) NOT NULL,
  PRIMARY KEY (`count`)
) ENGINE=MyISAM DEFAULT CHARSET=latin1;

-- --------------------------------------------------------

--
-- Table structure for table `inbox_messages`
--

DROP TABLE IF EXISTS `inbox_messages`;
CREATE TABLE IF NOT EXISTS `inbox_messages` (
  `id` int(11) NOT NULL AUTO_INCREMENT,
  `name` varchar(50) NOT NULL,
  `phone_number` varchar(20) NOT NULL,
  `email` varchar(50) NOT NULL,
  `subject` varchar(50) NOT NULL,
  `message` varchar(1000) NOT NULL,
  `user_id` int(11) NOT NULL,
  `createdat` datetime NOT NULL DEFAULT CURRENT_TIMESTAMP,
  `is_assigned` varchar(5) NOT NULL,
  `assignedat` datetime NOT NULL,
  `assignedby` varchar(30) NOT NULL,
  `assignedto` varchar(30) NOT NULL,
  `status` int(8) NOT NULL,
  `closedat` datetime NOT NULL,
  PRIMARY KEY (`id`)
) ENGINE=MyISAM DEFAULT CHARSET=latin1;

-- --------------------------------------------------------

--
-- Table structure for table `iq_points`
--

DROP TABLE IF EXISTS `iq_points`;
CREATE TABLE IF NOT EXISTS `iq_points` (
  `count` int(11) NOT NULL AUTO_INCREMENT,
  `user_id` int(11) NOT NULL,
  `transaction_id` varchar(50) NOT NULL,
  `points` int(11) NOT NULL,
  `status` int(8) NOT NULL,
  PRIMARY KEY (`count`)
) ENGINE=MyISAM DEFAULT CHARSET=latin1;

-- --------------------------------------------------------

--
-- Table structure for table `lessons`
--

DROP TABLE IF EXISTS `lessons`;
CREATE TABLE IF NOT EXISTS `lessons` (
  `id` int(11) NOT NULL AUTO_INCREMENT,
  `name` varchar(30) NOT NULL,
  `description` varchar(1000) NOT NULL,
  `category` int(11) NOT NULL,
  `start_time` varchar(20) NOT NULL,
  `end_time` varchar(20) NOT NULL,
  `training_facility` int(11) NOT NULL,
  `price` double NOT NULL,
  `capacity` int(11) NOT NULL,
  `current_population` int(11) NOT NULL,
  `status` int(8) NOT NULL DEFAULT '1001',
  `createdat` datetime NOT NULL DEFAULT CURRENT_TIMESTAMP,
  `createdby` varchar(30) NOT NULL,
  `authorizedat` datetime DEFAULT NULL,
  `authorizedby` varchar(30) DEFAULT NULL,
  `lastmodifiedat` datetime NOT NULL DEFAULT CURRENT_TIMESTAMP,
  `lastmodifiedby` varchar(30) NOT NULL,
  PRIMARY KEY (`id`)
) ENGINE=MyISAM AUTO_INCREMENT=6 DEFAULT CHARSET=latin1;

--
-- Dumping data for table `lessons`
--

INSERT INTO `lessons` (`id`, `name`, `description`, `category`, `start_time`, `end_time`, `training_facility`, `price`, `capacity`, `current_population`, `status`, `createdat`, `createdby`, `authorizedat`, `authorizedby`, `lastmodifiedat`, `lastmodifiedby`) VALUES
(1, 'FRONT CRAWL', 'THE FRONT CRAWL CALLS FOR YOU TO KICK HARD WITH YOUR FEET, WHILE BRINGING YOUR ARMS OVER YOUR HEAD AND INTO THE WATER ONE AT A TIME. YOU MUST KEEP YOUR BODY AS STRAIGHT AS POSSIBLE, AS ANY LATERAL MOVEMENTS WILL SLOW YOU DOWN.', 1, '0800HOURS', '1000HOURS', 1, 1000, 100, 55, 1001, '2018-04-05 18:22:12', 'TESTING', NULL, NULL, '2018-04-05 18:22:12', 'TESTING'),
(2, 'BACKSTROKE', 'YOU WILL BEGIN THIS STROKE BY FLOATING IN THE WATER WITH YOUR LUNGS ON THE SURFACE, BUT THE REST OF YOUR BODY BENEATH THE WATER. YOU MUST KEEP YOURSELF HORIZONTAL AS YOU MOVE THROUGH THE WATER, WHICH YOU WILL ACHIEVE THROUGH YOUR LEG KICKS. YOUR STROKE WILL INVOLVE PULLING THE WATER BENEATH YOU, WHICH WILL PROPEL YOUR BODY THROUGH THE WATER.', 2, '1000HOURS', '1200HOURS', 2, 2000, 100, 70, 1001, '2018-04-05 18:48:07', 'TESTING', NULL, NULL, '2018-04-05 18:48:07', 'TESTING'),
(3, 'BUTTERFLY', 'THE BUTTERFLY STROKE CALLS FOR YOU TO BRING BOTH ARMS OVER YOUR HEAD AT THE SAME TIME AND PUSH THEM INTO THE WATER TO PROPEL YOURSELF. THE BUTTERFLY STROKE USES A DOLPHIN-STYLE KICK, WHICH MEANS THAT YOUR LEGS WILL STAY STRAIGHT AND TOGETHER AS YOU KICK THEM THROUGH THE WATER.', 1, '1200HOURS', '1400HOURS', 3, 2500, 50, 35, 1001, '2018-04-05 18:50:24', 'TESTING', NULL, NULL, '2018-04-05 18:50:24', 'TESTING'),
(4, 'BREASTSTROKE', 'THE BREASTSTROKE USES A FROG-STYLE KICK, WHERE YOU WILL BEND YOUR KNEES AND THEN KICK YOUR LEGS OUT BENEATH THE WATER. YOUR ARM STROKE WILL BEGIN WITH A SWEEP OUT FROM YOUR BREAST AND THEN A SWEEP IN BACK TO YOUR BREAST. MAKE SURE THAT YOUR BODY REMAINS COMPLETELY STRAIGHT BETWEEN YOUR STROKES, AS THIS WILL ALLOW YOUR BODY TO MOVE THROUGH THE WATER EASILY AT THIS TIME.', 1, '1400HOURS', '1600HOURS', 4, 4500, 200, 50, 1001, '2018-04-05 18:51:56', 'TESTING', NULL, NULL, '2018-04-05 18:51:56', 'TESTING'),
(5, 'SIDESTROKE', 'ALTHOUGH NOT USED IN COMPETITION, THE SIDESTROKE HOLDS IMPORTANCE FOR SWIMMERS BECAUSE YOU CAN USE IT TO RESCUE SOMEONE, SINCE IT ONLY REQUIRES ONE ARM. YOU CAN GLIDE IN BETWEEN STROKES, WHICH ALLOWS YOU TO MOVE EASILY THROUGH THE WATER WHILE TUGGING ALONG SOME PERSON OR THING.', 2, '1600HOURS', '1800HOURS', 5, 7000, 30, 25, 1001, '2018-04-05 18:54:12', 'TESTING', NULL, NULL, '2018-04-05 18:54:12', 'TESTING');

-- --------------------------------------------------------

--
-- Table structure for table `lesson_categories`
--

DROP TABLE IF EXISTS `lesson_categories`;
CREATE TABLE IF NOT EXISTS `lesson_categories` (
  `id` int(11) NOT NULL AUTO_INCREMENT,
  `name` varchar(30) NOT NULL,
  `status` int(8) NOT NULL DEFAULT '1011',
  `createdat` datetime NOT NULL DEFAULT CURRENT_TIMESTAMP,
  `createdby` varchar(30) NOT NULL,
  `lastmodifiedat` datetime NOT NULL DEFAULT CURRENT_TIMESTAMP,
  `lastmodifiedby` varchar(30) NOT NULL,
  PRIMARY KEY (`id`)
) ENGINE=MyISAM AUTO_INCREMENT=3 DEFAULT CHARSET=latin1;

--
-- Dumping data for table `lesson_categories`
--

INSERT INTO `lesson_categories` (`id`, `name`, `status`, `createdat`, `createdby`, `lastmodifiedat`, `lastmodifiedby`) VALUES
(1, 'SWIMMING', 1011, '2018-03-29 22:04:37', 'TESTING', '2018-03-29 22:04:37', 'TESTING'),
(2, 'GYMNASTICS', 1011, '2018-03-29 22:05:24', 'TESTING', '2018-03-29 22:05:24', 'TESTING');

-- --------------------------------------------------------

--
-- Table structure for table `mpesa_response`
--

DROP TABLE IF EXISTS `mpesa_response`;
CREATE TABLE IF NOT EXISTS `mpesa_response` (
  `id` int(11) NOT NULL AUTO_INCREMENT,
  `response` varchar(1000) NOT NULL,
  PRIMARY KEY (`id`)
) ENGINE=MyISAM AUTO_INCREMENT=4 DEFAULT CHARSET=latin1;

--
-- Dumping data for table `mpesa_response`
--

INSERT INTO `mpesa_response` (`id`, `response`) VALUES
(1, 'Array'),
(2, '{\"Peter\":\"35\",\"Ben\":\"37\",\"Joe\":\"43\"}'),
(3, 'service_name=M-PESA, business_number=549117, transaction_type=buygoods, internal_transaction_id=32500832, transaction_timestamp=2018-06-05T11:44:59Z');

-- --------------------------------------------------------

--
-- Table structure for table `payment_transactions`
--

DROP TABLE IF EXISTS `payment_transactions`;
CREATE TABLE IF NOT EXISTS `payment_transactions` (
  `count` int(11) NOT NULL AUTO_INCREMENT,
  `transaction_id` varchar(50) DEFAULT NULL,
  `source` varchar(30) NOT NULL,
  `transaction_type` varchar(40) DEFAULT NULL,
  `transaction_reference` varchar(40) DEFAULT NULL,
  `transaction_time` varchar(40) DEFAULT NULL,
  `transaction_amount` double DEFAULT NULL,
  `business_short_code` varchar(15) DEFAULT NULL,
  `bill_ref_number` varchar(40) DEFAULT NULL,
  `invoice_number` varchar(40) DEFAULT NULL,
  `third_party_trans_id` varchar(40) DEFAULT NULL,
  `phone_number` varchar(20) DEFAULT NULL,
  `firstname` varchar(30) DEFAULT NULL,
  `middlename` varchar(30) DEFAULT NULL,
  `lastname` varchar(30) DEFAULT NULL,
  `status` int(8) NOT NULL DEFAULT '1011',
  `createdat` datetime NOT NULL DEFAULT CURRENT_TIMESTAMP,
  `account_balance` double DEFAULT NULL,
  PRIMARY KEY (`count`)
) ENGINE=MyISAM AUTO_INCREMENT=11 DEFAULT CHARSET=latin1;

--
-- Dumping data for table `payment_transactions`
--

INSERT INTO `payment_transactions` (`count`, `transaction_id`, `source`, `transaction_type`, `transaction_reference`, `transaction_time`, `transaction_amount`, `business_short_code`, `bill_ref_number`, `invoice_number`, `third_party_trans_id`, `phone_number`, `firstname`, `middlename`, `lastname`, `status`, `createdat`, `account_balance`) VALUES
(1, NULL, 'M-PESA', 'buygoods', 'MF53SI5MDH', '2018-06-05T16:59:32Z', 10, '549117', NULL, NULL, '32536532', '+254710534013', 'MAURICE', '', 'MUGENI', 1011, '2018-06-05 19:59:36', NULL),
(2, NULL, 'M-PESA', 'buygoods', 'MF58SIEKDA', '2018-06-05T17:07:27Z', 10, '549117', NULL, NULL, '32537608', '+254710534013', 'MAURICE', '', 'MUGENI', 1011, '2018-06-05 20:07:30', NULL),
(3, NULL, 'M-PESA', 'buygoods', 'MGK7LVK43D', '2018-07-20T04:39:01Z', 5000, '549117', NULL, NULL, '37377575', '+254725903862', 'KELVIN', '', 'MWANGI', 1011, '2018-07-20 07:39:05', NULL),
(4, NULL, 'M-PESA', 'buygoods', 'MGK8LXNHXQ', '2018-07-20T06:44:36Z', 5000, '549117', NULL, NULL, '37384272', '+254722977271', 'LILIAN', '', 'OLUOCH', 1011, '2018-07-20 09:44:39', NULL),
(5, NULL, 'M-PESA', 'buygoods', 'MGK8M1A1EU', '2018-07-20T09:36:08Z', 5000, '549117', NULL, NULL, '37398977', '+254728209526', 'PETER', 'KARANJA', 'NJENGA', 1011, '2018-07-20 12:36:12', NULL),
(6, NULL, 'M-PESA', 'buygoods', 'MGN7NQF9JP', '2018-07-23T07:25:29Z', 5000, '549117', NULL, NULL, '37729804', '+254720068174', 'ANNE', '', 'WAKONYO NJOGU', 1011, '2018-07-23 10:25:37', NULL),
(7, NULL, 'M-PESA', 'buygoods', 'MGO5OIJA63', '2018-07-24T12:53:44Z', 5000, '549117', NULL, NULL, '37866447', '+254716879044', 'MARY', 'NJERI', 'NJERI NJOGU', 1011, '2018-07-24 15:53:47', NULL),
(8, NULL, 'M-PESA', 'buygoods', 'MGU5S8DWH7', '2018-07-30T13:44:18Z', 5000, '549117', NULL, NULL, '38580294', '+254721418458', 'LEONARD', 'OMONDI', 'OKOTH', 1011, '2018-07-30 16:44:21', NULL),
(9, NULL, 'M-PESA', 'buygoods', 'MGV5SUGW09', '2018-07-31T13:33:15Z', 5000, '549117', NULL, NULL, '38687744', '+254722662483', 'VINCENT', 'NJAU', 'MUROGI', 1011, '2018-07-31 16:33:19', NULL),
(10, NULL, 'M-PESA', 'buygoods', 'MIM9SRLSWD', '2018-09-22T13:03:02Z', 6, '549117', NULL, NULL, '45079469', '+254716459948', 'BELLARMINE', '', 'LWANGA BULINDA', 1011, '2018-09-22 16:03:05', NULL);

-- --------------------------------------------------------

--
-- Table structure for table `role_privileges`
--

DROP TABLE IF EXISTS `role_privileges`;
CREATE TABLE IF NOT EXISTS `role_privileges` (
  `id` int(11) NOT NULL AUTO_INCREMENT,
  `role` int(11) NOT NULL,
  `privilege` int(11) NOT NULL,
  `status` int(8) NOT NULL DEFAULT '1011',
  `createdat` datetime NOT NULL DEFAULT CURRENT_TIMESTAMP,
  `createdby` varchar(30) NOT NULL,
  `lastmodifiedat` datetime NOT NULL DEFAULT CURRENT_TIMESTAMP,
  `lastmodifiedby` varchar(30) NOT NULL,
  PRIMARY KEY (`id`)
) ENGINE=MyISAM DEFAULT CHARSET=latin1;

-- --------------------------------------------------------

--
-- Table structure for table `sms_log`
--

DROP TABLE IF EXISTS `sms_log`;
CREATE TABLE IF NOT EXISTS `sms_log` (
  `id` int(11) NOT NULL AUTO_INCREMENT,
  `phone_number` varchar(20) NOT NULL,
  `network` varchar(30) DEFAULT NULL,
  `smsclientid` varchar(30) DEFAULT NULL,
  `messageid` varchar(30) DEFAULT NULL,
  `message` varchar(500) DEFAULT NULL,
  `error_code` varchar(30) DEFAULT NULL,
  `error_description` varchar(500) DEFAULT NULL,
  `error_action` varchar(30) DEFAULT NULL,
  `type` varchar(10) NOT NULL DEFAULT 'INBOX',
  `type_description` varchar(30) DEFAULT NULL,
  `createdat` datetime NOT NULL DEFAULT CURRENT_TIMESTAMP,
  `timestamp` varchar(20) DEFAULT NULL,
  PRIMARY KEY (`id`)
) ENGINE=MyISAM AUTO_INCREMENT=144 DEFAULT CHARSET=latin1;

--
-- Dumping data for table `sms_log`
--

INSERT INTO `sms_log` (`id`, `phone_number`, `network`, `smsclientid`, `messageid`, `message`, `error_code`, `error_description`, `error_action`, `type`, `type_description`, `createdat`, `timestamp`) VALUES
(1, '+254710534013', NULL, '361069441', '671842861', NULL, NULL, NULL, NULL, 'OUTBOX', NULL, '2018-05-06 19:46:51', NULL),
(2, '+254710534013', NULL, '397660965', '671846419', NULL, NULL, NULL, NULL, 'OUTBOX', NULL, '2018-05-06 22:48:35', NULL),
(3, '+254710534013', NULL, '586118944', '671846435', NULL, NULL, NULL, NULL, 'OUTBOX', NULL, '2018-05-06 23:09:30', NULL),
(4, '+254729262072', NULL, '1564800718', '671846439', NULL, NULL, NULL, NULL, 'OUTBOX', NULL, '2018-05-06 23:11:49', NULL),
(5, '+254710534013', NULL, '1435479091', '671846533', NULL, NULL, NULL, NULL, 'OUTBOX', NULL, '2018-05-06 23:49:34', NULL),
(6, '+254710534013', NULL, '169696410', '671846544', NULL, NULL, NULL, NULL, 'OUTBOX', NULL, '2018-05-06 23:55:56', NULL),
(7, '+254710534013', NULL, '1418103193', '671846545', NULL, NULL, NULL, NULL, 'OUTBOX', NULL, '2018-05-06 23:55:56', NULL),
(8, '+254710534013', NULL, '908960007', '672010336', NULL, NULL, NULL, NULL, 'OUTBOX', NULL, '2018-05-07 18:58:29', NULL),
(9, '+254710534013', NULL, '1957285698', '672013255', NULL, NULL, NULL, NULL, 'OUTBOX', NULL, '2018-05-07 19:02:57', NULL),
(10, '+254710534013', NULL, '35145476', '672013263', NULL, NULL, NULL, NULL, 'OUTBOX', NULL, '2018-05-07 19:06:33', NULL),
(11, '+254710534013', NULL, '1490037662', '672014929', NULL, NULL, NULL, NULL, 'OUTBOX', NULL, '2018-05-07 23:41:59', NULL),
(12, '+254710534013', NULL, '169707591', '672014930', NULL, NULL, NULL, NULL, 'OUTBOX', NULL, '2018-05-07 23:42:00', NULL),
(13, '+254710534013', NULL, '1223959644', '672014931', NULL, NULL, NULL, NULL, 'OUTBOX', NULL, '2018-05-07 23:43:04', NULL),
(14, '+254710534013', NULL, '142127132', '672014932', NULL, NULL, NULL, NULL, 'OUTBOX', NULL, '2018-05-07 23:43:05', NULL),
(15, '+254710534013', NULL, '94198185', '672014933', NULL, NULL, NULL, NULL, 'OUTBOX', NULL, '2018-05-07 23:43:52', NULL),
(16, '+254710534013', NULL, '790178004', '672014935', NULL, NULL, NULL, NULL, 'OUTBOX', NULL, '2018-05-07 23:45:36', NULL),
(17, '+254710534013', NULL, '887012245', '672043581', NULL, NULL, NULL, NULL, 'OUTBOX', NULL, '2018-05-08 11:27:06', NULL),
(18, '+254710534013', NULL, '1082306311', '672043582', NULL, NULL, NULL, NULL, 'OUTBOX', NULL, '2018-05-08 11:27:07', NULL),
(19, '+254710534013', NULL, '32033254', '672043585', NULL, NULL, NULL, NULL, 'OUTBOX', NULL, '2018-05-08 11:27:08', NULL),
(20, '+254710534013', NULL, '413383531', '672046129', NULL, NULL, NULL, NULL, 'OUTBOX', NULL, '2018-05-08 11:37:10', NULL),
(21, '+254710534013', NULL, '757376887', '672046130', NULL, NULL, NULL, NULL, 'OUTBOX', NULL, '2018-05-08 11:37:11', NULL),
(22, '+254710534013', NULL, '999076204', '672048680', NULL, NULL, NULL, NULL, 'OUTBOX', NULL, '2018-05-08 11:50:57', NULL),
(23, '+254710534013', NULL, '29220027', '672137353', NULL, NULL, NULL, NULL, 'OUTBOX', NULL, '2018-05-08 16:44:48', NULL),
(24, '+254715637922', NULL, '1244613650', '672137354', NULL, NULL, NULL, NULL, 'OUTBOX', NULL, '2018-05-08 16:44:49', NULL),
(25, '+254710534013', NULL, '156039231', '672488968', NULL, NULL, NULL, NULL, 'OUTBOX', NULL, '2018-05-10 12:52:27', NULL),
(26, '+254710534013', NULL, '637974201', '672488969', NULL, NULL, NULL, NULL, 'OUTBOX', NULL, '2018-05-10 12:52:28', NULL),
(27, '+254710534013', NULL, '202087811', '672498552', NULL, NULL, NULL, NULL, 'OUTBOX', NULL, '2018-05-10 13:47:38', NULL),
(28, '+254710534013', NULL, '2071380492', '672498553', NULL, NULL, NULL, NULL, 'OUTBOX', NULL, '2018-05-10 13:47:39', NULL),
(29, '+254710534013', NULL, '1957004073', '672551815', NULL, NULL, NULL, NULL, 'OUTBOX', NULL, '2018-05-10 16:41:31', NULL),
(30, '+254710534013', NULL, '1921089876', '672551816', NULL, NULL, NULL, NULL, 'OUTBOX', NULL, '2018-05-10 16:41:32', NULL),
(31, '+254710534013', NULL, '73512979', '672551836', NULL, NULL, NULL, NULL, 'OUTBOX', NULL, '2018-05-10 16:42:59', NULL),
(32, '+254710534013', NULL, '6589499', '672551837', NULL, NULL, NULL, NULL, 'OUTBOX', NULL, '2018-05-10 16:43:00', NULL),
(33, '+254710534013', NULL, '389056410', '672552169', NULL, NULL, NULL, NULL, 'OUTBOX', NULL, '2018-05-10 16:48:02', NULL),
(34, '+254710534013', NULL, '176437710', '672552172', NULL, NULL, NULL, NULL, 'OUTBOX', NULL, '2018-05-10 16:48:04', NULL),
(35, '+254710534013', NULL, '1387771771', '672552967', NULL, NULL, NULL, NULL, 'OUTBOX', NULL, '2018-05-10 16:51:22', NULL),
(36, '+254710534013', NULL, '815143671', '672552968', NULL, NULL, NULL, NULL, 'OUTBOX', NULL, '2018-05-10 16:51:23', NULL),
(37, '+254710534013', NULL, '1836862090', '672552972', NULL, NULL, NULL, NULL, 'OUTBOX', NULL, '2018-05-10 16:51:52', NULL),
(38, '+254710534013', NULL, '1227655192', '672552973', NULL, NULL, NULL, NULL, 'OUTBOX', NULL, '2018-05-10 16:51:54', NULL),
(39, '+254710534013', NULL, '0', NULL, NULL, '-10006', 'Enter mobile no or Select group', '1', 'OUTBOX', NULL, '2018-05-10 16:51:55', NULL),
(40, '+254710534013', NULL, '711412228', '672552975', NULL, NULL, NULL, NULL, 'OUTBOX', NULL, '2018-05-10 16:51:55', NULL),
(41, '+254710534013', NULL, '163898267', '672552976', NULL, NULL, NULL, NULL, 'OUTBOX', NULL, '2018-05-10 16:51:56', NULL),
(42, '+254710534013', NULL, '2100631491', '672553751', NULL, NULL, NULL, NULL, 'OUTBOX', NULL, '2018-05-10 16:56:38', NULL),
(43, '+254710534013', NULL, '1678485155', '672553752', NULL, NULL, NULL, NULL, 'OUTBOX', NULL, '2018-05-10 16:56:39', NULL),
(44, '+254710534013', NULL, '2074732768', '672553753', NULL, NULL, NULL, NULL, 'OUTBOX', NULL, '2018-05-10 16:56:40', NULL),
(45, '+254710534013', NULL, '1956683272', '672553754', NULL, NULL, NULL, NULL, 'OUTBOX', NULL, '2018-05-10 16:56:41', NULL),
(46, '+254710534013', NULL, '276054639', '672553755', NULL, NULL, NULL, NULL, 'OUTBOX', NULL, '2018-05-10 16:56:41', NULL),
(47, '+254710534013', NULL, '2083360775', '672553887', NULL, NULL, NULL, NULL, 'OUTBOX', NULL, '2018-05-10 16:59:28', NULL),
(48, '+254710534013', NULL, '1521162311', '672553990', NULL, NULL, NULL, NULL, 'OUTBOX', NULL, '2018-05-10 16:59:29', NULL),
(49, '+254710534013', NULL, '884845777', '672555306', NULL, NULL, NULL, NULL, 'OUTBOX', NULL, '2018-05-10 17:06:18', NULL),
(50, '+254710534013', NULL, '1360078847', '672555307', NULL, NULL, NULL, NULL, 'OUTBOX', NULL, '2018-05-10 17:06:20', NULL),
(51, '+254710534013', NULL, '2083105321', '672555335', NULL, NULL, NULL, NULL, 'OUTBOX', NULL, '2018-05-10 17:08:13', NULL),
(52, '+254710534013', NULL, '265287325', '672555336', NULL, NULL, NULL, NULL, 'OUTBOX', NULL, '2018-05-10 17:08:14', NULL),
(53, '+254710534013', NULL, '1947566243', '672555337', NULL, NULL, NULL, NULL, 'OUTBOX', NULL, '2018-05-10 17:08:15', NULL),
(54, '+254710534013', NULL, '1228462165', '672555338', NULL, NULL, NULL, NULL, 'OUTBOX', NULL, '2018-05-10 17:08:16', NULL),
(55, '+254710534013', NULL, '1933186344', '672555339', NULL, NULL, NULL, NULL, 'OUTBOX', NULL, '2018-05-10 17:08:16', NULL),
(56, '+254710534013', NULL, '2034564273', '672555390', NULL, NULL, NULL, NULL, 'OUTBOX', NULL, '2018-05-10 17:15:20', NULL),
(57, '+254710534013', NULL, '1182859773', '672555391', NULL, NULL, NULL, NULL, 'OUTBOX', NULL, '2018-05-10 17:15:21', NULL),
(58, '+254710534013', NULL, '501120469', '672555392', NULL, NULL, NULL, NULL, 'OUTBOX', NULL, '2018-05-10 17:15:22', NULL),
(59, '+254710534013', NULL, '1678102687', '672555393', NULL, NULL, NULL, NULL, 'OUTBOX', NULL, '2018-05-10 17:15:22', NULL),
(60, '+254710534013', NULL, '1664640420', '672555394', NULL, NULL, NULL, NULL, 'OUTBOX', NULL, '2018-05-10 17:15:23', NULL),
(61, '+254710534013', NULL, '1210818904', '672555395', NULL, NULL, NULL, NULL, 'OUTBOX', NULL, '2018-05-10 17:15:24', NULL),
(62, '+254710534013', NULL, '743199614', '672555396', NULL, NULL, NULL, NULL, 'OUTBOX', NULL, '2018-05-10 17:15:25', NULL),
(63, '+254710534013', NULL, '1646994323', '672562508', NULL, NULL, NULL, NULL, 'OUTBOX', NULL, '2018-05-10 17:32:42', NULL),
(64, '+254710534013', NULL, '178192795', '672562509', NULL, NULL, NULL, NULL, 'OUTBOX', NULL, '2018-05-10 17:32:43', NULL),
(65, '+254710534013', NULL, '1143412408', '672570433', NULL, NULL, NULL, NULL, 'OUTBOX', NULL, '2018-05-10 20:20:07', NULL),
(66, '+254710534013', NULL, '1645718068', '672570436', NULL, NULL, NULL, NULL, 'OUTBOX', NULL, '2018-05-10 20:20:07', NULL),
(67, '+254710534013', NULL, '1688598953', '672570442', NULL, NULL, NULL, NULL, 'OUTBOX', NULL, '2018-05-10 20:21:06', NULL),
(68, '+254710534013', NULL, '165117670', '672570443', NULL, NULL, NULL, NULL, 'OUTBOX', NULL, '2018-05-10 20:21:07', NULL),
(69, '+254710534013', NULL, '1671270538', '672576976', NULL, NULL, NULL, NULL, 'OUTBOX', NULL, '2018-05-11 06:38:09', NULL),
(70, '+254710534013', NULL, '1998973271', '672576977', NULL, NULL, NULL, NULL, 'OUTBOX', NULL, '2018-05-11 06:38:10', NULL),
(71, '+254710534013', NULL, '235318521', '672576992', NULL, NULL, NULL, NULL, 'OUTBOX', NULL, '2018-05-11 06:44:46', NULL),
(72, '+254710534013', NULL, '547468947', '672576993', NULL, NULL, NULL, NULL, 'OUTBOX', NULL, '2018-05-11 06:44:47', NULL),
(73, '+254710534013', NULL, '1787054708', '672586219', NULL, NULL, NULL, NULL, 'OUTBOX', NULL, '2018-05-11 09:22:07', NULL),
(74, '+254710534013', NULL, '1863188538', '672586220', NULL, NULL, NULL, NULL, 'OUTBOX', NULL, '2018-05-11 09:22:08', NULL),
(75, '+254710534013', NULL, '1623028603', '672586273', NULL, NULL, NULL, NULL, 'OUTBOX', NULL, '2018-05-11 09:26:57', NULL),
(76, '+254710534013', NULL, '1920996004', '672586274', NULL, NULL, NULL, NULL, 'OUTBOX', NULL, '2018-05-11 09:26:58', NULL),
(77, '254710534013', 'Saf', NULL, NULL, 'TESTSMS:LESSON ASSIGNMENT,DECLINE49', NULL, NULL, NULL, 'SHORTCODE', '21211', '2018-05-11 11:44:34', '20180509181717'),
(78, '+254710534013', NULL, '295576462', '672729082', NULL, NULL, NULL, NULL, 'OUTBOX', NULL, '2018-05-11 11:44:39', NULL),
(79, '254710534013', 'Saf', NULL, NULL, 'TESTSMS:LESSON ASSIGNMENT,DECLINE49', NULL, NULL, NULL, 'SHORTCODE', '21211', '2018-05-11 11:49:20', '20180509181717'),
(80, '254710534013', 'Saf', NULL, NULL, 'TESTSMS:LESSON ASSIGNMENT,DECLINE49', NULL, NULL, NULL, 'SHORTCODE', '21211', '2018-05-11 11:53:49', '20180509181717'),
(81, '254710534013', 'Saf', NULL, NULL, 'TESTSMS:LESSON ASSIGNMENT,DECLINE49', NULL, NULL, NULL, 'SHORTCODE', '21211', '2018-05-11 11:54:02', '20180509181717'),
(82, '254710534013', 'Saf', NULL, NULL, 'TESTSMS:LESSON ASSIGNMENT,DECLINE49', NULL, NULL, NULL, 'SHORTCODE', '21211', '2018-05-11 11:56:18', '20180509181717'),
(83, '254710534013', 'Saf', NULL, NULL, 'TESTSMS:LESSON ASSIGNMENT,DECLINE49', NULL, NULL, NULL, 'SHORTCODE', '21211', '2018-05-11 11:57:04', '20180509181717'),
(84, '254710534013', 'Saf', NULL, NULL, 'TESTSMS:LESSON ASSIGNMENT,DECLINE49', NULL, NULL, NULL, 'SHORTCODE', '21211', '2018-05-11 11:57:46', '20180509181717'),
(85, '254710534013', 'Saf', NULL, NULL, 'TESTSMS:LESSON ASSIGNMENT,DECLINE49', NULL, NULL, NULL, 'SHORTCODE', '21211', '2018-05-11 11:58:24', '20180509181717'),
(86, '254710534013', 'Saf', NULL, NULL, 'TESTSMS:LESSON ASSIGNMENT,DECLINE49', NULL, NULL, NULL, 'SHORTCODE', '21211', '2018-05-11 12:00:33', '20180509181717'),
(87, '254710534013', 'Saf', NULL, NULL, 'TESTSMS:LESSON ASSIGNMENT,DECLINE49', NULL, NULL, NULL, 'SHORTCODE', '21211', '2018-05-11 12:00:53', '20180509181717'),
(88, '254710534013', 'Saf', NULL, NULL, 'TESTSMS:LESSON ASSIGNMENT,DECLINE49', NULL, NULL, NULL, 'SHORTCODE', '21211', '2018-05-11 12:01:19', '20180509181717'),
(89, '+254710534013', NULL, '237324233', '672742606', NULL, NULL, NULL, NULL, 'OUTBOX', NULL, '2018-05-11 12:01:19', NULL),
(90, '+254710534013', NULL, '69799928', '672742607', NULL, NULL, NULL, NULL, 'OUTBOX', NULL, '2018-05-11 12:01:20', NULL),
(91, '254710534013', 'Saf', NULL, NULL, 'TESTSMS:TRAINER ACCEPTANCE,DECLINE49', NULL, NULL, NULL, 'SHORTCODE', '21211', '2018-05-11 12:07:02', '20180509181717'),
(92, '+254710534013', NULL, '1379974867', '672747177', NULL, NULL, NULL, NULL, 'OUTBOX', NULL, '2018-05-11 12:07:03', NULL),
(93, '+254710534013', NULL, '2042262743', '672747178', NULL, NULL, NULL, NULL, 'OUTBOX', NULL, '2018-05-11 12:07:04', NULL),
(94, '254710534013', 'Saf', NULL, NULL, 'TESTSMS:ATTENDANCE CONFIRMATION,CANCEL49', NULL, NULL, NULL, 'SHORTCODE', '21211', '2018-05-11 12:11:15', '20180509181717'),
(95, '+254710534013', NULL, '2072668759', '672747248', NULL, NULL, NULL, NULL, 'OUTBOX', NULL, '2018-05-11 12:11:16', NULL),
(96, '+254710534013', NULL, '2076736255', '672747249', NULL, NULL, NULL, NULL, 'OUTBOX', NULL, '2018-05-11 12:11:16', NULL),
(97, '254710534013', 'Saf', NULL, NULL, 'TESTSMS:CLOSE49', NULL, NULL, NULL, 'SHORTCODE', '21211', '2018-05-11 12:13:27', '20180509181717'),
(98, '254710534013', 'Saf', NULL, NULL, 'TESTSMS:CLOSE49', NULL, NULL, NULL, 'SHORTCODE', '21211', '2018-05-11 12:15:19', '20180509181717'),
(99, '254710534013', 'Saf', NULL, NULL, 'TESTSMS:CLOSE49', NULL, NULL, NULL, 'SHORTCODE', '21211', '2018-05-11 12:20:33', '20180509181717'),
(100, '254710534013', 'Saf', NULL, NULL, 'TESTSMS:CLOSE49', NULL, NULL, NULL, 'SHORTCODE', '21211', '2018-05-11 12:23:19', '20180509181717'),
(101, '254710534013', 'Saf', NULL, NULL, 'TESTSMS:CLOSE49', NULL, NULL, NULL, 'SHORTCODE', '21211', '2018-05-11 12:23:57', '20180509181717'),
(102, '+254710534013', NULL, '177487021', '672748927', NULL, NULL, NULL, NULL, 'OUTBOX', NULL, '2018-05-11 12:23:58', NULL),
(103, '254710534013', 'Saf', NULL, NULL, 'TESTSMS:CLOSE49', NULL, NULL, NULL, 'SHORTCODE', '21211', '2018-05-11 12:26:20', '20180509181717'),
(104, '+254710534013', NULL, '1863708225', '672751035', NULL, NULL, NULL, NULL, 'OUTBOX', NULL, '2018-05-11 12:26:21', NULL),
(105, '254710534013', 'Saf', NULL, NULL, 'TESTSMS:RATE49,TRAINER4,FACILITY3', NULL, NULL, NULL, 'SHORTCODE', '21211', '2018-05-11 12:34:16', '20180509181717'),
(106, '254710534013', 'Saf', NULL, NULL, 'TESTSMS:RATE49,TRAINER4,FACILITY3', NULL, NULL, NULL, 'SHORTCODE', '21211', '2018-05-11 12:37:55', '20180509181717'),
(107, '254710534013', 'Saf', NULL, NULL, 'TESTSMS:RATE49,TRAINER4,FACILITY3', NULL, NULL, NULL, 'SHORTCODE', '21211', '2018-05-11 12:50:23', '20180509181717'),
(108, '254710534013', 'Saf', NULL, NULL, 'TESTSMS:RATE49,TRAINER4,FACILITY3', NULL, NULL, NULL, 'SHORTCODE', '21211', '2018-05-11 12:51:02', '20180509181717'),
(109, '+254710534013', NULL, '1305791262', '672755087', NULL, NULL, NULL, NULL, 'OUTBOX', NULL, '2018-05-11 12:51:07', NULL),
(110, '+254710534013', NULL, '1961735443', '672755089', NULL, NULL, NULL, NULL, 'OUTBOX', NULL, '2018-05-11 12:51:08', NULL),
(111, '254710534013', 'Saf', NULL, NULL, 'TESTSMS:CLOSE49', NULL, NULL, NULL, 'SHORTCODE', '21211', '2018-05-11 13:21:52', '20180509181717'),
(112, '+254710534013', NULL, '593384423', '672780782', NULL, NULL, NULL, NULL, 'OUTBOX', NULL, '2018-05-11 13:21:53', NULL),
(113, '254710534013', 'Saf', NULL, NULL, 'TESTSMS:ATTENDANCE CONFIRMATION,RESCHEDULE49', NULL, NULL, NULL, 'SHORTCODE', '21211', '2018-05-13 12:50:14', '20180509181717'),
(114, '254710534013', 'Saf', NULL, NULL, 'TESTSMS:ATTENDANCE CONFIRMATION,RESCHEDULE49,2018-06-03,WORK RELATED ENGAGEMENT', NULL, NULL, NULL, 'SHORTCODE', '21211', '2018-05-13 12:54:57', '20180509181717'),
(115, '254710534013', 'Saf', NULL, NULL, 'TESTSMS:ATTENDANCE CONFIRMATION,RESCHEDULE49,2018-06-03,WORK RELATED ENGAGEMENT', NULL, NULL, NULL, 'SHORTCODE', '21211', '2018-05-13 13:03:35', '20180509181717'),
(116, '254710534013', 'Saf', NULL, NULL, 'TESTSMS:ATTENDANCE CONFIRMATION,RESCHEDULE49,2018-06-03,WORK RELATED ENGAGEMENT', NULL, NULL, NULL, 'SHORTCODE', '21211', '2018-05-13 13:05:53', '20180509181717'),
(117, '254710534013', 'Saf', NULL, NULL, 'TESTSMS:ATTENDANCE CONFIRMATION,RESCHEDULE49,2018-06-03,WORK RELATED ENGAGEMENT', NULL, NULL, NULL, 'SHORTCODE', '21211', '2018-05-13 13:11:19', '20180509181717'),
(118, '254710534013', 'Saf', NULL, NULL, 'TESTSMS:ATTENDANCE CONFIRMATION,RESCHEDULE49,2018-06-03,WORK RELATED ENGAGEMENT', NULL, NULL, NULL, 'SHORTCODE', '21211', '2018-05-13 13:12:17', '20180509181717'),
(119, '254710534013', 'Saf', NULL, NULL, 'TESTSMS:ATTENDANCE CONFIRMATION,RESCHEDULE50,2018-06-03,WORK RELATED ENGAGEMENT', NULL, NULL, NULL, 'SHORTCODE', '21211', '2018-05-13 13:20:36', '20180509181717'),
(120, '+254710534013', NULL, '806332089', '673148120', NULL, NULL, NULL, NULL, 'OUTBOX', NULL, '2018-05-13 13:20:38', NULL),
(121, '+254710534013', NULL, '2127712188', '673148121', NULL, NULL, NULL, NULL, 'OUTBOX', NULL, '2018-05-13 13:20:38', NULL),
(122, '254710534013', 'Saf', NULL, NULL, 'TESTSMS:ATTENDANCE CONFIRMATION,RESCHEDULE51,2018-06-03,WORK RELATED ENGAGEMENT', NULL, NULL, NULL, 'SHORTCODE', '21211', '2018-05-13 13:25:43', '20180509181717'),
(123, '254710534013', 'Saf', NULL, NULL, 'TESTSMS:ATTENDANCE CONFIRMATION,RESCHEDULE50,2018-06-03,WORK RELATED ENGAGEMENT', NULL, NULL, NULL, 'SHORTCODE', '21211', '2018-05-13 13:30:01', '20180509181717'),
(124, '254710534013', 'Saf', NULL, NULL, 'TESTSMS:ATTENDANCE CONFIRMATION,RESCHEDULE51,2018-06-03,WORK RELATED ENGAGEMENT', NULL, NULL, NULL, 'SHORTCODE', '21211', '2018-05-13 13:30:19', '20180509181717'),
(125, '254710534013', 'Saf', NULL, NULL, 'TESTSMS:ATTENDANCE CONFIRMATION,RESCHEDULE50,2018-06-03,WORK RELATED ENGAGEMENT', NULL, NULL, NULL, 'SHORTCODE', '21211', '2018-05-13 14:02:23', '20180509181717'),
(126, '254710534013', 'Saf', NULL, NULL, 'TESTSMS:ATTENDANCE CONFIRMATION,RESCHEDULE52,2018-06-03,WORK RELATED ENGAGEMENT', NULL, NULL, NULL, 'SHORTCODE', '21211', '2018-05-13 14:02:55', '20180509181717'),
(127, '+254710534013', NULL, '1241774745', '673152006', NULL, NULL, NULL, NULL, 'OUTBOX', NULL, '2018-05-13 14:02:57', NULL),
(128, '254710534013', 'Saf', NULL, NULL, 'TESTSMS:ATTENDANCE CONFIRMATION,RESCHEDULE54,2018-06-03,WORK RELATED ENGAGEMENT', NULL, NULL, NULL, 'SHORTCODE', '21211', '2018-05-13 14:08:19', '20180509181717'),
(129, '+254710534013', NULL, '931040868', '673152021', NULL, NULL, NULL, NULL, 'OUTBOX', NULL, '2018-05-13 14:08:20', NULL),
(130, '+254710534013', NULL, '1069449201', '673152022', NULL, NULL, NULL, NULL, 'OUTBOX', NULL, '2018-05-13 14:08:20', NULL),
(131, '254710534013', 'Saf', NULL, NULL, 'TESTSMS:ATTENDANCE CONFIRMATION,RESCHEDULE55,2018-06-03,WORK RELATED ENGAGEMENT', NULL, NULL, NULL, 'SHORTCODE', '21211', '2018-05-13 14:12:32', '20180509181717'),
(132, '+254710534013', NULL, '31817348', '673152761', NULL, NULL, NULL, NULL, 'OUTBOX', NULL, '2018-05-13 14:12:32', NULL),
(133, '+254710534013', NULL, '1733283545', '673152762', NULL, NULL, NULL, NULL, 'OUTBOX', NULL, '2018-05-13 14:12:33', NULL),
(134, '254710534013', 'Saf', NULL, NULL, 'TESTSMS:ATTENDANCE CONFIRMATION,RESCHEDULE55,2018-06-03,WORK RELATED ENGAGEMENT', NULL, NULL, NULL, 'SHORTCODE', '21211', '2018-05-13 14:26:32', '20180509181717'),
(135, '+254710534013', NULL, '648229948', '673153426', NULL, NULL, NULL, NULL, 'OUTBOX', NULL, '2018-05-13 14:26:33', NULL),
(136, '254710534013', 'Saf', NULL, NULL, 'TESTSMS:ATTENDANCE CONFIRMATION,RESCHEDULE55,2018-06-03,WORK RELATED ENGAGEMENT', NULL, NULL, NULL, 'SHORTCODE', '21211', '2018-05-13 14:28:38', '20180509181717'),
(137, '+254710534013', NULL, '1178452793', '673153436', NULL, NULL, NULL, NULL, 'OUTBOX', NULL, '2018-05-13 14:28:39', NULL),
(138, '254710534013', 'Saf', NULL, NULL, 'TESTSMS:ATTENDANCE CONFIRMATION,RESCHEDULE56,2018-06-03,WORK RELATED ENGAGEMENT', NULL, NULL, NULL, 'SHORTCODE', '21211', '2018-05-13 14:29:19', '20180509181717'),
(139, '+254710534013', NULL, '1314785254', '673153437', NULL, NULL, NULL, NULL, 'OUTBOX', NULL, '2018-05-13 14:29:21', NULL),
(140, '+254710534013', NULL, '1986116713', '673153438', NULL, NULL, NULL, NULL, 'OUTBOX', NULL, '2018-05-13 14:29:21', NULL),
(141, '+254710534013', NULL, '249016808', '678855162', NULL, NULL, NULL, NULL, 'OUTBOX', NULL, '2018-06-05 20:13:43', NULL),
(142, '+254710534013', NULL, '391578645', '678855163', NULL, NULL, NULL, NULL, 'OUTBOX', NULL, '2018-06-05 20:13:43', NULL),
(143, '+254710534013', NULL, '1724285662', '678855164', NULL, NULL, NULL, NULL, 'OUTBOX', NULL, '2018-06-05 20:13:44', NULL);

-- --------------------------------------------------------

--
-- Table structure for table `sms_status_codes`
--

DROP TABLE IF EXISTS `sms_status_codes`;
CREATE TABLE IF NOT EXISTS `sms_status_codes` (
  `id` int(11) NOT NULL AUTO_INCREMENT,
  `code` varchar(10) NOT NULL,
  `description` varchar(500) NOT NULL,
  PRIMARY KEY (`id`)
) ENGINE=MyISAM AUTO_INCREMENT=29 DEFAULT CHARSET=latin1;

--
-- Dumping data for table `sms_status_codes`
--

INSERT INTO `sms_status_codes` (`id`, `code`, `description`) VALUES
(1, '0', 'SUCCESS'),
(2, '-1', 'INVALID USER'),
(3, '-2', 'BALANCE VALIDITY EXPIRE'),
(4, '-3', 'ACCOUNT VALIDITY EXPIRE'),
(5, '-4', 'BALANCE IS NOT ENOUGH'),
(6, '-101', 'INVALID MESSAGE ID'),
(7, '-102', 'INVALID EXTERNAL ID'),
(8, '-103', 'INVALID FROM DATE'),
(9, '-104', 'INVALID TO DATE'),
(10, '-105', 'FROM DATE IS BIGGER THAN TO DATE'),
(11, '-107', 'INVALID REQUEST TYPE'),
(12, '200', 'MESSAGE NOT FOUND'),
(13, '201', 'PENDING DR NOT FOUND'),
(14, '202', 'WAITING FOR DR'),
(15, '203', 'DR IS NOT ALLOW'),
(16, '204', 'DR IS NOT AVAILABLE'),
(17, '205', 'ACKNOWLEDGE GET'),
(18, '206', 'ACKNOWLEDGEMENT IS NOT UPDATE'),
(19, '-201', 'INVALID DATE RANGE'),
(20, '-202', 'OUT OF RANGE'),
(21, '-1111', 'VERSION NOT SUPPORTED'),
(22, '-10001', 'LIMIT EXCEED'),
(23, '-10002', 'INVALID USERNAME OR PASSWORD'),
(24, '-10003', 'INVALID MOBILE'),
(25, '-10004', 'UNKNOWN'),
(26, '-10005', 'INVALID SENDER ID'),
(27, '-10006', 'ENTER MOBILE NO OR SELECT GROUP'),
(28, '-10007', 'INVALID GROUP');

-- --------------------------------------------------------

--
-- Table structure for table `staff`
--

DROP TABLE IF EXISTS `staff`;
CREATE TABLE IF NOT EXISTS `staff` (
  `id` int(11) NOT NULL AUTO_INCREMENT,
  `pf_number` varchar(30) NOT NULL,
  `firstname` varchar(30) NOT NULL,
  `middlename` varchar(30) NOT NULL,
  `lastname` varchar(30) NOT NULL,
  `gender` varchar(10) NOT NULL,
  `idnumber` varchar(30) NOT NULL,
  `position` int(11) NOT NULL,
  `status` int(8) NOT NULL DEFAULT '1011',
  `createdat` datetime NOT NULL DEFAULT CURRENT_TIMESTAMP,
  `createdby` varchar(30) NOT NULL,
  `lastmodifiedat` datetime NOT NULL DEFAULT CURRENT_TIMESTAMP,
  `lastmodifiedby` varchar(30) NOT NULL,
  PRIMARY KEY (`id`)
) ENGINE=MyISAM AUTO_INCREMENT=4 DEFAULT CHARSET=latin1;

--
-- Dumping data for table `staff`
--

INSERT INTO `staff` (`id`, `pf_number`, `firstname`, `middlename`, `lastname`, `gender`, `idnumber`, `position`, `status`, `createdat`, `createdby`, `lastmodifiedat`, `lastmodifiedby`) VALUES
(1, '9340', 'MWAI', 'KAMAU', 'KIBAKI', 'M', '56368512', 1, 1011, '2018-03-30 09:19:04', 'TESTING', '2018-03-30 09:19:04', 'TESTING'),
(2, '9340', 'JAMES', 'KAMAU', 'WAMANYA', 'M', '56368512', 1, 1011, '2018-03-30 09:20:58', 'TESTING', '2018-03-30 09:20:58', 'TESTING'),
(3, '9001', 'JAMES', 'FREDRICK', 'KENNEDY', 'M', '278569423', 1, 1011, '2018-04-22 10:57:38', 'TESTING', '2018-04-22 10:57:38', 'TESTING');

-- --------------------------------------------------------

--
-- Table structure for table `staff_positions`
--

DROP TABLE IF EXISTS `staff_positions`;
CREATE TABLE IF NOT EXISTS `staff_positions` (
  `id` int(11) NOT NULL AUTO_INCREMENT,
  `name` varchar(30) NOT NULL,
  `status` int(8) NOT NULL DEFAULT '1011',
  `createdat` datetime NOT NULL DEFAULT CURRENT_TIMESTAMP,
  `createdby` varchar(30) NOT NULL,
  `lastmodifiedat` datetime NOT NULL DEFAULT CURRENT_TIMESTAMP,
  `lastmodifiedby` varchar(30) NOT NULL,
  PRIMARY KEY (`id`)
) ENGINE=MyISAM AUTO_INCREMENT=2 DEFAULT CHARSET=latin1;

--
-- Dumping data for table `staff_positions`
--

INSERT INTO `staff_positions` (`id`, `name`, `status`, `createdat`, `createdby`, `lastmodifiedat`, `lastmodifiedby`) VALUES
(1, 'SECRETARY', 1011, '2018-03-30 08:46:56', 'TESTING', '2018-03-30 08:46:56', 'TESTING');

-- --------------------------------------------------------

--
-- Table structure for table `status_codes`
--

DROP TABLE IF EXISTS `status_codes`;
CREATE TABLE IF NOT EXISTS `status_codes` (
  `id` int(11) NOT NULL AUTO_INCREMENT,
  `status_code` varchar(30) NOT NULL,
  `description` varchar(500) NOT NULL,
  `status` int(8) NOT NULL DEFAULT '1011',
  `createdat` datetime NOT NULL DEFAULT CURRENT_TIMESTAMP,
  `createdby` varchar(30) NOT NULL,
  `lastmodifiedat` datetime NOT NULL DEFAULT CURRENT_TIMESTAMP,
  `lastmodifiedby` varchar(30) NOT NULL,
  PRIMARY KEY (`id`)
) ENGINE=MyISAM AUTO_INCREMENT=2 DEFAULT CHARSET=latin1;

--
-- Dumping data for table `status_codes`
--

INSERT INTO `status_codes` (`id`, `status_code`, `description`, `status`, `createdat`, `createdby`, `lastmodifiedat`, `lastmodifiedby`) VALUES
(1, '1000', 'ITEM DELETED', 1011, '2018-03-30 09:44:29', 'TESTING', '2018-03-30 09:44:29', 'TESTING');

-- --------------------------------------------------------

--
-- Table structure for table `system_administrators`
--

DROP TABLE IF EXISTS `system_administrators`;
CREATE TABLE IF NOT EXISTS `system_administrators` (
  `id` int(11) NOT NULL AUTO_INCREMENT,
  `firstname` varchar(30) NOT NULL,
  `lastname` varchar(30) NOT NULL,
  `phone_number` varchar(20) NOT NULL,
  `email` varchar(50) NOT NULL,
  `idnumber` varchar(30) NOT NULL,
  `status` int(8) NOT NULL DEFAULT '1011',
  `createdat` datetime NOT NULL DEFAULT CURRENT_TIMESTAMP,
  `createdby` varchar(30) NOT NULL,
  `lastmodifiedat` datetime NOT NULL DEFAULT CURRENT_TIMESTAMP,
  `lastmodifiedby` varchar(30) NOT NULL,
  PRIMARY KEY (`id`)
) ENGINE=MyISAM AUTO_INCREMENT=6 DEFAULT CHARSET=latin1;

--
-- Dumping data for table `system_administrators`
--

INSERT INTO `system_administrators` (`id`, `firstname`, `lastname`, `phone_number`, `email`, `idnumber`, `status`, `createdat`, `createdby`, `lastmodifiedat`, `lastmodifiedby`) VALUES
(1, 'JAMES', 'MUGENI', '0710534013', 'MAURICEMUGENI@GMAIL.COM', '27856036', 1011, '2018-03-25 18:13:45', 'SYSTEM SETUP', '2018-03-25 18:13:45', 'SYSTEM SETUP'),
(2, 'MWAI', 'KIBAKI', '0710534013', 'MOMUGZ@GMAIL.COM', '25863694', 1011, '2018-03-25 18:31:15', 'SYSTEM SETUP', '2018-03-25 18:31:15', 'SYSTEM SETUP'),
(3, 'JONATHAN', 'SHIUNDU', '0710534013', 'MOMUGZ@YMAIL.COM', '25863694', 1011, '2018-03-25 18:31:15', 'SYSTEM SETUP', '2018-03-25 18:31:15', 'SYSTEM SETUP'),
(4, 'RUTH', 'OKANA', '0710534013', 'RUTH@GMAIL.COM', '25863694', 1011, '2018-03-25 18:31:15', 'SYSTEM SETUP', '2018-03-25 18:31:15', 'SYSTEM SETUP'),
(5, 'MAURICE', 'MUGENI', '0710534013', 'BMUGENI@REFLEXCONCEPTS.CO.KE', '27856036', 1011, '2018-03-25 18:13:45', 'SYSTEM SETUP', '2018-03-25 18:13:45', 'SYSTEM SETUP');

-- --------------------------------------------------------

--
-- Table structure for table `system_components`
--

DROP TABLE IF EXISTS `system_components`;
CREATE TABLE IF NOT EXISTS `system_components` (
  `id` int(11) NOT NULL AUTO_INCREMENT,
  `name` varchar(100) NOT NULL,
  `acronym` varchar(50) NOT NULL,
  `status` int(8) NOT NULL DEFAULT '1011',
  `createdat` datetime NOT NULL DEFAULT CURRENT_TIMESTAMP,
  `createdby` varchar(30) NOT NULL,
  `lastmodifiedat` datetime NOT NULL DEFAULT CURRENT_TIMESTAMP,
  `lastmodifiedby` varchar(30) NOT NULL,
  PRIMARY KEY (`id`)
) ENGINE=MyISAM AUTO_INCREMENT=2 DEFAULT CHARSET=latin1;

--
-- Dumping data for table `system_components`
--

INSERT INTO `system_components` (`id`, `name`, `acronym`, `status`, `createdat`, `createdby`, `lastmodifiedat`, `lastmodifiedby`) VALUES
(1, 'ADD SYSTEM COMPONENT PAGE', 'ADD_SYSTEM_COMPONENT', 1011, '2018-03-28 06:21:58', 'SYSTEM SETUP', '2018-03-28 06:21:58', 'SYSTEM SETUP');

-- --------------------------------------------------------

--
-- Table structure for table `system_privileges`
--

DROP TABLE IF EXISTS `system_privileges`;
CREATE TABLE IF NOT EXISTS `system_privileges` (
  `id` int(11) NOT NULL AUTO_INCREMENT,
  `name` varchar(100) NOT NULL,
  `component` int(11) NOT NULL,
  `status` int(8) NOT NULL DEFAULT '1011',
  `createdat` datetime NOT NULL DEFAULT CURRENT_TIMESTAMP,
  `createdby` varchar(30) NOT NULL,
  `lastmodifiedat` datetime NOT NULL DEFAULT CURRENT_TIMESTAMP,
  `lastmodifiedby` varchar(30) NOT NULL,
  PRIMARY KEY (`id`)
) ENGINE=MyISAM AUTO_INCREMENT=2 DEFAULT CHARSET=latin1;

--
-- Dumping data for table `system_privileges`
--

INSERT INTO `system_privileges` (`id`, `name`, `component`, `status`, `createdat`, `createdby`, `lastmodifiedat`, `lastmodifiedby`) VALUES
(1, 'CAN CREATE A NEW SYSTEM COMPONENT', 1, 1011, '2018-03-28 08:16:21', 'SYSTEM SETUP', '2018-03-28 08:16:21', 'SYSTEM SETUP');

-- --------------------------------------------------------

--
-- Table structure for table `system_roles`
--

DROP TABLE IF EXISTS `system_roles`;
CREATE TABLE IF NOT EXISTS `system_roles` (
  `id` int(11) NOT NULL AUTO_INCREMENT,
  `name` varchar(30) NOT NULL,
  `description` varchar(500) NOT NULL,
  `status` int(8) NOT NULL DEFAULT '1011',
  `createdat` datetime NOT NULL DEFAULT CURRENT_TIMESTAMP,
  `createdby` varchar(30) NOT NULL,
  `lastmodifiedat` datetime NOT NULL DEFAULT CURRENT_TIMESTAMP,
  `lastmodifiedby` varchar(30) NOT NULL,
  PRIMARY KEY (`id`)
) ENGINE=MyISAM AUTO_INCREMENT=2 DEFAULT CHARSET=latin1;

--
-- Dumping data for table `system_roles`
--

INSERT INTO `system_roles` (`id`, `name`, `description`, `status`, `createdat`, `createdby`, `lastmodifiedat`, `lastmodifiedby`) VALUES
(1, 'SYSTEM ADMINISTRATOR', 'HAS COMPLETE CONTROL OF THE SYSTEM. CAN PERFORM ALL FUNCTIONS OF ALL OTHER ROLES.', 1011, '2018-03-28 08:19:59', 'TESTING', '2018-03-28 08:19:59', 'TESTING');

-- --------------------------------------------------------

--
-- Table structure for table `system_users`
--

DROP TABLE IF EXISTS `system_users`;
CREATE TABLE IF NOT EXISTS `system_users` (
  `id` int(11) NOT NULL AUTO_INCREMENT,
  `reference_type` int(11) NOT NULL,
  `reference_id` int(11) NOT NULL,
  `username` varchar(100) NOT NULL,
  `email` varchar(100) NOT NULL,
  `password` varchar(100) NOT NULL,
  `password_new` varchar(5) NOT NULL DEFAULT 'YES',
  `badlogin` int(1) NOT NULL DEFAULT '0',
  `status` int(8) NOT NULL DEFAULT '1011',
  PRIMARY KEY (`id`)
) ENGINE=MyISAM AUTO_INCREMENT=42 DEFAULT CHARSET=latin1;

--
-- Dumping data for table `system_users`
--

INSERT INTO `system_users` (`id`, `reference_type`, `reference_id`, `username`, `email`, `password`, `password_new`, `badlogin`, `status`) VALUES
(1, 5, 5, 'MAURICEMUGENI@GMAIL.COM', '', 'ab4d8d2a5f480a137067da17100271cd176607a1', 'YES', 0, 1011),
(2, 2, 7, 'MOMUGZ@YMAIL.COM', '', 'ab4d8d2a5f480a137067da17100271cd176607a1', 'YES', 0, 1011),
(3, 4, 3, 'MOMUGZ@GMAIL.COM', '', 'ab4d8d2a5f480a137067da17100271cd176607a1', 'YES', 0, 1011),
(4, 3, 2, 'MAURICEMUGENI2@GMAIL.COM', '', 'ab4d8d2a5f480a137067da17100271cd176607a1', 'YES', 0, 1011),
(5, 1, 2, 'BMUGENI@REFLEXCONCEPTS.CO.KE', '', 'ab4d8d2a5f480a137067da17100271cd176607a1', 'YES', 0, 1011),
(6, 4, 8, 'FACILITY_ADMIN@GMAIL.COM', '', 'ab4d8d2a5f480a137067da17100271cd176607a1', 'YES', 0, 1011),
(7, 1, 3, 'MAURICEMUGENI@GMAIL.COM', '', 'ab625b83cda40e9f3a2cd375d2788e61b0d59d89', 'YES', 0, 1011),
(8, 3, 3, 'MAURICEMUGENI@GMAIL.COM', '', 'ce2223ee30266633ef9adca2973caebef5a03d09', 'YES', 0, 1011),
(9, 2, 8, 'MAURICEMUGENI@GMAIL.COM', '', 'f6a7c7d8dc99a68bce5a4fdcf2b061e6998bcaa0', 'YES', 0, 1011),
(10, 2, 12, 'TESTING4@GMAIL.COM', '', 'ab4d8d2a5f480a137067da17100271cd176607a1', 'YES', 0, 1011),
(11, 2, 13, 'TESTING5@GMAIL.COM', '', 'ab4d8d2a5f480a137067da17100271cd176607a1', 'YES', 0, 1011),
(12, 2, 14, 'TESTING6@GMAIL.COM', '', 'ab4d8d2a5f480a137067da17100271cd176607a1', 'YES', 0, 1011),
(13, 2, 15, 'BMUGENI@REFLEXCONCEPTS.CO.KE', '', '9d150742f017801b50b8463d710140e814f9b19a', 'YES', 0, 1011),
(14, 2, 16, 'JOHNKINYORU@GMAIL.COM', '', 'bddd7cbe7189b3e4f65c88ce92be7204e07ee0eb', 'YES', 0, 1011),
(15, 2, 17, 'MARVINNZUNGA@GMAIL.COM', '', '40f6fda0e950617efa9fbdfc084c3b3c9340267e', 'YES', 0, 1011),
(16, 2, 18, 'BENARDNYAMAI@GMAIL.COM', '', '017ba177b8e39fc0872d010fdfc52553e00607d4', 'YES', 0, 1011),
(17, 2, 19, 'JAMESKAMAU@GMAIL.COM', '', 'c613678a5887d84a734128944d608bb6c5e1b6dc', 'YES', 0, 1011),
(18, 2, 20, 'BENARDSANG@GMAIL.COM', '', 'ccc3a07b09bba04d92de342ae3987ca5f5db7fe1', 'YES', 0, 1011),
(19, 2, 21, 'JUMAJOSEPH@GMAIL.COM', '', '461476587780aa9fa5611ea6dc3912c146a91760', 'YES', 0, 1011),
(20, 2, 22, 'NGARRY4@GMAIL.COM', '', '7c4a8d09ca3762af61e59520943dc26494f8941b', 'YES', 0, 1011),
(21, 2, 23, 'NGARRY4@GMAIL.COM', '', '1297571ea7b92dd549ada0cb7f94607b3856d7d2', 'YES', 0, 1011),
(22, 3, 4, 'BYRON.KWACH@DKTHEALTHCARE.ORG', '', '35551429058ad99b749f8e0eab7ebf24b820837b', 'YES', 0, 1011),
(23, 2, 24, 'BENARDKAMAU@GMAIL.COM', '', 'c613678a5887d84a734128944d608bb6c5e1b6dc', 'YES', 0, 1011),
(24, 2, 25, 'BENARDKAMAU@GMAIL.COM', '', 'c613678a5887d84a734128944d608bb6c5e1b6dc', 'YES', 0, 1011),
(25, 2, 26, 'BENARDKAMAU@GMAIL.COM', '', 'c613678a5887d84a734128944d608bb6c5e1b6dc', 'YES', 0, 1011),
(26, 2, 27, 'BENARDKAMAU@GMAIL.COM', '', 'c613678a5887d84a734128944d608bb6c5e1b6dc', 'YES', 0, 1011),
(27, 2, 28, 'BENARDKAMAU@GMAIL.COM', '', 'c613678a5887d84a734128944d608bb6c5e1b6dc', 'YES', 0, 1011),
(28, 2, 29, 'BENARDKAMAU@GMAIL.COM', '', 'c613678a5887d84a734128944d608bb6c5e1b6dc', 'YES', 0, 1011),
(29, 2, 30, 'BENARDKAMAU@GMAIL.COM', '', 'c613678a5887d84a734128944d608bb6c5e1b6dc', 'YES', 0, 1011),
(30, 2, 31, 'JAMESKAMAU@GMAIL.COM', '', '558dfbcd38911dd98a68941c49536ee27d285451', 'YES', 0, 1011),
(31, 2, 32, 'JAMESKAMAU@GMAIL.COM', '', '558dfbcd38911dd98a68941c49536ee27d285451', 'YES', 0, 1011),
(32, 2, 33, 'JAMESKAMAU@GMAIL.COM', '', '558dfbcd38911dd98a68941c49536ee27d285451', 'YES', 0, 1011),
(33, 2, 34, 'TIMWATIMA@GMAIL.COM', '', 'a4544fadd84aafb309b42338f4083db6d83133c0', 'YES', 0, 1011),
(34, 3, 5, '', '', '196afe58eb29120224318fd1dc80368aac2a216b', 'YES', 0, 1011),
(35, 3, 6, 'BELLARMINE16@GMAIL.COM', '', '196afe58eb29120224318fd1dc80368aac2a216b', 'YES', 0, 1011),
(36, 3, 7, 'ONCECADYMO@GMAIL.COM', '', '5b3b6830c978a61fd4f6ae45a53a10efed87036c', 'YES', 0, 1011),
(37, 3, 8, 'ONCECADYMO@GMAIL.COM', '', '5b3b6830c978a61fd4f6ae45a53a10efed87036c', 'YES', 0, 1011),
(38, 3, 9, 'NIXONOMUCHEI@GMAIL.COM', '', 'bea4375116fd66ffa36fe6c73eaa3d6936e95f07', 'YES', 0, 1011),
(39, 3, 10, 'NIXONOMUCHEI@GMAIL.COM', '', 'bea4375116fd66ffa36fe6c73eaa3d6936e95f07', 'YES', 0, 1011),
(40, 3, 12, 'NIXON OMUCHEYI', 'OMUCHEYI@GMAIL.COM', '0ed9334fc05f4874a0ed4c870234f542e07009f9', 'YES', 0, 1011),
(41, 3, 12, 'STARR MAHARE', 'STARRMAHARE@GMAIL.COM', '2515563b97b94ad61e8ba415ced08c6aa3740809', 'YES', 0, 1011);

-- --------------------------------------------------------

--
-- Table structure for table `trainees`
--

DROP TABLE IF EXISTS `trainees`;
CREATE TABLE IF NOT EXISTS `trainees` (
  `id` int(11) NOT NULL AUTO_INCREMENT,
  `firstname` varchar(30) NOT NULL,
  `lastname` varchar(30) NOT NULL,
  `username` varchar(30) DEFAULT NULL,
  `gender` varchar(10) NOT NULL,
  `birth_date` varchar(20) NOT NULL,
  `iq_points` int(11) NOT NULL DEFAULT '0',
  `status` int(8) NOT NULL DEFAULT '1011',
  `createdat` datetime NOT NULL DEFAULT CURRENT_TIMESTAMP,
  `createdby` varchar(30) NOT NULL,
  `lastmodifiedat` datetime NOT NULL DEFAULT CURRENT_TIMESTAMP,
  `lastmodifiedby` varchar(30) NOT NULL,
  PRIMARY KEY (`id`)
) ENGINE=MyISAM AUTO_INCREMENT=35 DEFAULT CHARSET=latin1;

--
-- Dumping data for table `trainees`
--

INSERT INTO `trainees` (`id`, `firstname`, `lastname`, `username`, `gender`, `birth_date`, `iq_points`, `status`, `createdat`, `createdby`, `lastmodifiedat`, `lastmodifiedby`) VALUES
(1, 'MWAI', 'KIBAKI', NULL, 'M', '1978-02-28', 0, 1011, '2018-03-28 21:16:08', 'TESTING', '2018-03-28 21:16:08', 'TESTING'),
(2, 'JAMES', 'MUGENI', NULL, 'M', '2000-02-28', 0, 1011, '2018-03-28 21:19:26', 'TESTING', '2018-03-28 21:19:26', 'TESTING'),
(3, 'MAURICE', 'MUGENI', NULL, 'M', '2001-02-28', 0, 1011, '2018-03-28 21:21:34', 'TESTING', '2018-03-28 21:21:34', 'TESTING'),
(4, 'JAMES', 'BOND', NULL, 'M', '1998-02-28', 0, 1011, '2018-03-28 21:23:52', 'TESTING', '2018-03-28 21:23:52', 'TESTING'),
(5, 'UHURU', 'KENYATTA', NULL, 'M', '1992-02-28', 0, 1011, '2018-03-28 21:29:24', 'TESTING', '2018-03-28 21:29:24', 'TESTING'),
(6, 'LYDIA', 'YEYE', NULL, 'F', '2001-02-28', 0, 1011, '2018-03-30 05:50:58', 'TESTING', '2018-03-30 05:50:58', 'TESTING'),
(7, 'LYDIA', 'NDISIO', NULL, 'F', '2001-02-28', 0, 1011, '2018-03-30 05:53:21', 'TESTING', '2018-03-30 05:53:21', 'TESTING'),
(8, 'JAMES', 'KINYORU', NULL, 'M', '2000-02-15', 0, 1011, '2018-04-22 11:04:34', 'TESTING', '2018-04-22 11:04:34', 'TESTING'),
(9, 'TESTING1', 'TESTING1', 'TESTING1', 'M', '1996-03-1', 0, 1011, '2018-04-23 09:51:55', '10', '2018-04-23 09:51:55', '10'),
(10, 'TESTING2', 'TESTING2', 'TESTING2', 'F', '1996-01-1', 0, 1011, '2018-04-23 09:56:12', '10', '2018-04-23 09:56:12', '10'),
(11, 'TESTING3', 'TESTING3', 'TESTING3', 'F', '1993-05-1', 0, 1011, '2018-04-23 10:10:41', '10', '2018-04-23 10:10:41', '10'),
(12, 'TESTING4', 'TESTING4', 'TESTING4', 'F', '1991-01-1', 0, 1011, '2018-04-23 10:56:53', '10', '2018-04-23 10:56:53', '10'),
(13, 'TESTING5', 'TESTING5', 'TESTING5', 'F', '2018-01-1', 0, 1011, '2018-04-23 11:00:53', '11', '2018-04-23 11:00:53', '11'),
(14, 'TESTING6', 'TESTING6', 'TESTING6', 'F', '1993-04-1', 0, 1011, '2018-04-23 11:05:55', '12', '2018-04-23 11:05:55', '12'),
(15, 'MAURICE', 'MUGENI', 'MAURICE', '', '--', 0, 1011, '2018-05-07 12:38:12', '13', '2018-05-07 12:38:12', '13'),
(16, 'JOHN', 'KINYORU', 'JOHN', 'M', '1990-10-22', 0, 1011, '2018-05-07 13:02:49', '14', '2018-05-07 13:02:49', '14'),
(17, 'MARVIN', 'NZUNGA', 'MARVIN', 'M', '1992-06-25', 0, 1011, '2018-05-07 13:13:25', '15', '2018-05-07 13:13:25', '15'),
(18, 'BENARD', 'NYAMAI', 'BENARD', 'M', '1998-05-1', 0, 1011, '2018-05-07 13:36:21', '16', '2018-05-07 13:36:21', '16'),
(19, 'JAMES', 'KAMAU', 'JAMES', 'M', '1990-07-1', 0, 1011, '2018-05-07 13:45:42', '17', '2018-05-07 13:45:42', '17'),
(20, 'BENARD', 'SANG', 'BENARD', 'M', '1986-09-1', 0, 1011, '2018-05-07 13:50:01', '18', '2018-05-07 13:50:01', '18'),
(21, 'JUMA', 'JOSEPH', 'JUMA', 'M', '1990-04-1', 0, 1011, '2018-05-07 18:42:24', '19', '2018-05-07 18:42:24', '19'),
(22, 'STEVE', 'NGARI', 'STEVE', 'M', '1991-03-1', 0, 1011, '2018-05-08 16:32:39', '20', '2018-05-08 16:32:39', '20'),
(23, 'STEVE', 'NGARI', 'STEVE', 'M', '2001-01-1', 0, 1011, '2018-05-08 16:36:35', '21', '2018-05-08 16:36:35', '21'),
(24, 'BENARD', 'KAMAU', 'BENARD', 'M', '1999-03-1', 0, 1011, '2018-05-10 16:41:28', '23', '2018-05-10 16:41:28', '23'),
(25, 'BENARD', 'KAMAU', 'BENARD', 'M', '1999-03-1', 0, 1011, '2018-05-10 16:42:58', '24', '2018-05-10 16:42:58', '24'),
(26, 'BENARD', 'KAMAU', 'BENARD', 'M', '1999-03-1', 0, 1011, '2018-05-10 16:45:20', '25', '2018-05-10 16:45:20', '25'),
(27, 'BENARD', 'KAMAU', 'BENARD', 'M', '1999-03-1', 0, 1011, '2018-05-10 16:48:01', '26', '2018-05-10 16:48:01', '26'),
(28, 'BENARD', 'KAMAU', 'BENARD', 'M', '1999-03-1', 0, 1011, '2018-05-10 16:49:11', '27', '2018-05-10 16:49:11', '27'),
(29, 'BENARD', 'KAMAU', 'BENARD', 'M', '1999-03-1', 0, 1011, '2018-05-10 16:51:21', '28', '2018-05-10 16:51:21', '28'),
(30, 'BENARD', 'KAMAU', 'BENARD', 'M', '1999-03-1', 0, 1011, '2018-05-10 16:51:52', '29', '2018-05-10 16:51:52', '29'),
(31, 'BENARD', 'KENNEDY', 'BENARD', 'M', '1994-06-1', 0, 1011, '2018-05-10 16:59:27', '30', '2018-05-10 16:59:27', '30'),
(32, 'BENARD', 'KENNEDY', 'BENARD', 'M', '1994-06-1', 0, 1011, '2018-05-10 17:06:18', '31', '2018-05-10 17:06:18', '31'),
(33, 'BENARD', 'KENNEDY', 'BENARD', 'M', '1994-06-1', 0, 1011, '2018-05-10 17:08:12', '32', '2018-05-10 17:08:12', '32'),
(34, 'TIM', 'WATIMA', 'TIM', 'M', '1994-07-1', 0, 1011, '2018-05-10 17:32:41', '33', '2018-05-10 17:32:41', '33');

-- --------------------------------------------------------

--
-- Table structure for table `trainers`
--

DROP TABLE IF EXISTS `trainers`;
CREATE TABLE IF NOT EXISTS `trainers` (
  `id` int(11) NOT NULL AUTO_INCREMENT,
  `firstname` varchar(30) NOT NULL,
  `lastname` varchar(30) NOT NULL,
  `gender` varchar(10) NOT NULL,
  `birth_date` varchar(20) NOT NULL,
  `idnumber` varchar(30) NOT NULL,
  `training_level` varchar(50) NOT NULL,
  `curriculum_vitae` varchar(50) NOT NULL,
  `certificate` varchar(100) NOT NULL,
  `fk_profile` varchar(1800) NOT NULL,
  `guarantor1` int(11) NOT NULL,
  `guarantor2` int(11) NOT NULL,
  `facility1` int(11) NOT NULL,
  `facility2` int(11) NOT NULL,
  `trainer_rating` int(1) NOT NULL DEFAULT '1',
  `iq_points` int(11) NOT NULL DEFAULT '0',
  `status` int(8) NOT NULL DEFAULT '1001',
  `createdat` datetime NOT NULL DEFAULT CURRENT_TIMESTAMP,
  `createdby` varchar(30) NOT NULL,
  `authorizedat` datetime DEFAULT NULL,
  `authorizedby` varchar(30) DEFAULT NULL,
  `lastmodifiedat` datetime NOT NULL DEFAULT CURRENT_TIMESTAMP,
  `lastmodifiedby` varchar(30) NOT NULL,
  PRIMARY KEY (`id`)
) ENGINE=MyISAM AUTO_INCREMENT=14 DEFAULT CHARSET=latin1;

--
-- Dumping data for table `trainers`
--

INSERT INTO `trainers` (`id`, `firstname`, `lastname`, `gender`, `birth_date`, `idnumber`, `training_level`, `curriculum_vitae`, `certificate`, `fk_profile`, `guarantor1`, `guarantor2`, `facility1`, `facility2`, `trainer_rating`, `iq_points`, `status`, `createdat`, `createdby`, `authorizedat`, `authorizedby`, `lastmodifiedat`, `lastmodifiedby`) VALUES
(4, 'BYRON', 'KWACH', 'M', '2000-01-03', '25896314', 'CERTIFICATE', 'EEB615E4932AAF1FD6760F97EE70E42E.JPG', '77C69C2A974E7148E336F740B9BD007A.JPG', '', 0, 0, 0, 0, 1, 0, 1001, '2018-05-08 16:43:04', '1', NULL, NULL, '2018-05-08 16:43:04', '1'),
(2, 'MAURICE', 'KIBAKI', 'M', '1987-02-28', '56368512', 'GRADUATE', '3DEA16D570FC41B1BADFFDB9FBB3E971.JPG', 'D87A36D48E44126999BF9C66E18FB225.JPG', '', 0, 0, 0, 0, 1, 0, 1001, '2018-03-30 08:34:37', 'TESTING', NULL, NULL, '2018-03-30 08:34:37', 'TESTING'),
(3, 'JAMES', 'KENNEDY', 'M', '2018-02-28', '22222200', 'DIPLOMA', '436568201AE91FFA477AFEF22E0AD8CF.PDF', '698ADE873A8A758F2494624A02CF737C.PDF', '', 0, 0, 0, 0, 1, 0, 1001, '2018-04-22 10:59:48', 'TESTING', NULL, NULL, '2018-04-22 10:59:48', 'TESTING'),
(5, 'BELLARMINE', 'BULINDA', 'M', '1989-04-16', '27673485', 'CERTIFICATE', '4B59E7933CCC746D178D63E97FD8F3C5.SQL', 'F7DB4D1762887768FD699EF67F16B91D.SQL', 'This is some text.', 2, 2, 1, 1, 1, 0, 1001, '2018-05-14 19:48:33', '34', NULL, NULL, '2018-05-14 19:48:33', '34'),
(6, 'BELLARMINE', 'BULINDA', 'M', '1989-04-16', '27673485', 'GRADUATE', 'BCF85003F4BDBB1A59237F32D9CC0CAC.PDF', '80A2D8CC640359C186A643964D239650.PDF', '', 0, 0, 0, 0, 1, 0, 1001, '2018-05-17 12:05:27', '35', NULL, NULL, '2018-05-17 12:05:27', '35'),
(7, 'JACOB', 'JOHN', 'M', '1988-01-1', '22569789', 'DIPLOMA', '307005BBE6276D4084B0802116EE2819.PNG', 'C430A196D1F3AD8670FC5AA513DE1FD7.PNG', '', 0, 0, 0, 0, 1, 0, 1001, '2018-09-10 10:06:03', '36', NULL, NULL, '2018-09-10 10:06:03', '36'),
(8, 'JACOB', 'JOHN', 'M', '1988-01-1', '22569789', 'DIPLOMA', '26BD401282140C5222DAD9A0A7B971D1.PNG', '3C9FA80FC7CC6176939A7680818AA577.PNG', '', 0, 0, 0, 0, 1, 0, 1001, '2018-09-10 10:07:16', '37', NULL, NULL, '2018-09-10 10:07:16', '37'),
(9, 'NIXON', 'OMUCHEYI', 'M', '1996-03-27', '32686923', 'DIPLOMA', 'CCE034E42566AA58B034AB142E4C8B47.V___NIXON_OMUCHEY', 'AC292E1B2B8A05086C6018C88DFF9ED3.JPG', '', 0, 0, 0, 0, 1, 0, 1001, '2018-09-12 10:22:29', '38', NULL, NULL, '2018-09-12 10:22:29', '38'),
(10, 'NIXON', 'OMUCHEYI', 'M', '1996-03-27', '32686923', 'DIPLOMA', 'DED7CBF069C91DC784622D865047E3E0.V___NIXON_OMUCHEY', 'CB99F72290911F5A503071AB6F7C2C8B.JPG', '', 0, 0, 0, 0, 1, 0, 1001, '2018-09-12 10:34:00', '39', NULL, NULL, '2018-09-12 10:34:00', '39'),
(11, 'NIXON', 'OMUCHEYI', 'M', '2018-02-28', '243258427', 'GRADUATE', '58A8973B6040D19360A30940DFD02D61.', '9C4EEA312935D3032127C922BBFF7BBC.JPEG', 'Coach Nixon is an experienced lifeguard, swimming teacher and coach with over 5 years of active experience teaching all age groups. Coach Nixon is also a qualified classroom teacher and is proficient in teaching young children cross-functionally. Coach Nixon handles both learn to swim and competitive swimming at FitKonnect.', 1, 1, 1, 1, 1, 0, 1001, '2021-07-08 19:44:18', '1', NULL, NULL, '2021-07-08 19:44:18', '1'),
(13, 'STARR', 'MAHARE', 'M', '1994-08-27', '237961343', 'CERTIFICATE', '2B7E0A36D240D4B115840E88C45388F0.54.58 AM.JPG', 'A84DA0C7E60C5316C1B90624049EAB10.54.58 AM.JPG', 'Coach Starr is an experienced lifeguard and swimming coach with extensive experience handling learn to swim patrons. Coach Starr handles learn to swim individual and groups clients at FitKonnect and is also a technical expert in pool maintenance and allied services. ', 1, 1, 1, 1, 1, 0, 1001, '2021-07-12 21:46:21', '1', NULL, NULL, '2021-07-12 21:46:21', '1');

-- --------------------------------------------------------

--
-- Table structure for table `trainer_ratings`
--

DROP TABLE IF EXISTS `trainer_ratings`;
CREATE TABLE IF NOT EXISTS `trainer_ratings` (
  `count` int(11) NOT NULL AUTO_INCREMENT,
  `user_id` int(11) NOT NULL,
  `lesson_id` int(11) NOT NULL,
  `score` int(11) NOT NULL,
  PRIMARY KEY (`count`)
) ENGINE=MyISAM DEFAULT CHARSET=latin1;

-- --------------------------------------------------------

--
-- Table structure for table `training_facilities`
--

DROP TABLE IF EXISTS `training_facilities`;
CREATE TABLE IF NOT EXISTS `training_facilities` (
  `id` int(11) NOT NULL AUTO_INCREMENT,
  `name` varchar(30) NOT NULL,
  `description` varchar(1000) NOT NULL,
  `coordinates` varchar(50) NOT NULL,
  `ownership_type` varchar(20) NOT NULL,
  `facility_rating` int(1) NOT NULL DEFAULT '1',
  `services_offered` varchar(20) NOT NULL,
  `status` int(8) NOT NULL DEFAULT '1011',
  `createdat` datetime NOT NULL DEFAULT CURRENT_TIMESTAMP,
  `createdby` varchar(30) NOT NULL,
  `lastmodifiedat` datetime NOT NULL DEFAULT CURRENT_TIMESTAMP,
  `lastmodifiedby` varchar(30) NOT NULL,
  PRIMARY KEY (`id`)
) ENGINE=MyISAM AUTO_INCREMENT=9 DEFAULT CHARSET=latin1;

--
-- Dumping data for table `training_facilities`
--

INSERT INTO `training_facilities` (`id`, `name`, `description`, `coordinates`, `ownership_type`, `facility_rating`, `services_offered`, `status`, `createdat`, `createdby`, `lastmodifiedat`, `lastmodifiedby`) VALUES
(1, 'UMOJA RECREATION CENTRE', 'TESTING', '-1.287617, 36.891197', 'PUBLIC', 1, '1', 1011, '2018-03-30 06:06:42', 'TESTING', '2018-03-30 06:06:42', 'TESTING'),
(2, 'UMOJA RECREATION CENTRE2', 'TESTING', '-1.287617, 36.891197', 'PUBLIC', 1, '1', 1011, '2018-03-30 06:12:05', 'TESTING', '2018-03-30 06:12:05', 'TESTING'),
(3, 'UMOJA RECREATION CENTRE3', 'TESTING', '-1.287617, 36.891197', 'PUBLIC', 1, '1', 1011, '2018-03-30 06:16:14', 'TESTING', '2018-03-30 06:16:14', 'TESTING'),
(4, 'UMOJA RECREATION CENTRE4', 'TESTING', '-1.287617, 36.891197', 'PUBLIC', 1, '1', 1011, '2018-03-30 06:21:28', 'TESTING', '2018-03-30 06:21:28', 'TESTING'),
(5, 'UMOJA RECREATION CENTRE5', 'TESTING', '-1.287617, 36.891197', 'PUBLIC', 1, '1', 1011, '2018-03-30 06:25:14', 'TESTING', '2018-03-30 06:25:14', 'TESTING'),
(6, 'TESTING 2', 'TESTING 2', '-1.287617, 36.891197', 'PUBLIC', 1, '1', 1011, '2018-04-22 09:44:06', 'TESTING', '2018-04-22 09:44:06', 'TESTING'),
(7, 'TESTING 3', 'TESTING 3', '-1.287617, 36.891197', 'PRIVATE', 1, '2', 1011, '2018-04-22 10:13:34', 'TESTING', '2018-04-22 10:13:34', 'TESTING'),
(8, 'TESTING 4', 'TESTING 4', '-1.287617, 36.891197', 'PRIVATE', 1, '1', 1011, '2018-04-22 10:26:55', 'TESTING', '2018-04-22 10:26:55', 'TESTING');

-- --------------------------------------------------------

--
-- Table structure for table `training_facility_administrators`
--

DROP TABLE IF EXISTS `training_facility_administrators`;
CREATE TABLE IF NOT EXISTS `training_facility_administrators` (
  `id` int(11) NOT NULL AUTO_INCREMENT,
  `firstname` varchar(30) NOT NULL,
  `lastname` varchar(30) NOT NULL,
  `idnumber` varchar(30) NOT NULL,
  `phone_number` varchar(20) NOT NULL,
  `email` varchar(100) NOT NULL,
  `facility` int(11) NOT NULL,
  `status` int(8) NOT NULL DEFAULT '1011',
  `createdat` datetime NOT NULL DEFAULT CURRENT_TIMESTAMP,
  `createdby` varchar(30) NOT NULL,
  `lastmodifiedat` datetime NOT NULL DEFAULT CURRENT_TIMESTAMP,
  `lastmodifiedby` varchar(30) NOT NULL,
  PRIMARY KEY (`id`)
) ENGINE=MyISAM AUTO_INCREMENT=9 DEFAULT CHARSET=latin1;

--
-- Dumping data for table `training_facility_administrators`
--

INSERT INTO `training_facility_administrators` (`id`, `firstname`, `lastname`, `idnumber`, `phone_number`, `email`, `facility`, `status`, `createdat`, `createdby`, `lastmodifiedat`, `lastmodifiedby`) VALUES
(1, 'LYDIA', 'KIBAKI', '27856036', '+254710534013', 'MAURICEMUGENI@GMAIL.COM', 3, 1011, '2018-03-30 06:16:14', 'TESTING', '2018-03-30 06:16:14', 'TESTING'),
(2, 'JOHN', 'CENA', '22222200', '0710534013', 'MOMUGZ@GMAIL.COM', 4, 1011, '2018-03-30 06:21:28', 'TESTING', '2018-03-30 06:21:28', 'TESTING'),
(3, 'LYDIA', 'WAMANYA', '22222200', '0710534013', 'MOMUGZ@GMAIL.COM', 5, 1011, '2018-03-30 06:25:14', 'TESTING', '2018-03-30 06:25:14', 'TESTING'),
(4, 'JAMES', 'KINYORU', '22222200', '+254722436892', 'MAURICEMUGENI@GMAIL.COM', 7, 1011, '2018-04-22 10:13:34', 'TESTING', '2018-04-22 10:13:34', 'TESTING'),
(5, 'JOHN', 'KINYORU', '278569423', '+254722436892', 'MAURICEMUGENI@GMAIL.COM', 8, 1011, '2018-04-22 10:26:55', 'TESTING', '2018-04-22 10:26:55', 'TESTING'),
(6, 'JOHN', 'KINYORU', '278569423', '+254722436892', 'MAURICEMUGENI@GMAIL.COM', 8, 1011, '2018-04-22 10:26:55', 'TESTING', '2018-04-22 10:26:55', 'TESTING'),
(7, 'JOHN', 'KINYORU', '278569423', '+254722436892', 'MAURICEMUGENI@GMAIL.COM', 8, 1011, '2018-04-22 10:26:55', 'TESTING', '2018-04-22 10:26:55', 'TESTING'),
(8, 'JOHN', 'KINYORU', '278569423', '+254722436892', 'MAURICEMUGENI@GMAIL.COM', 8, 1011, '2018-04-22 10:26:55', 'TESTING', '2018-04-22 10:26:55', 'TESTING');

-- --------------------------------------------------------

--
-- Table structure for table `training_facility_services`
--

DROP TABLE IF EXISTS `training_facility_services`;
CREATE TABLE IF NOT EXISTS `training_facility_services` (
  `id` int(11) NOT NULL AUTO_INCREMENT,
  `name` varchar(200) NOT NULL,
  `status` int(8) NOT NULL DEFAULT '1011',
  `createdat` datetime NOT NULL DEFAULT CURRENT_TIMESTAMP,
  `createdby` varchar(30) NOT NULL,
  `lastmodifiedat` datetime NOT NULL DEFAULT CURRENT_TIMESTAMP,
  `lastmodifiedby` varchar(30) NOT NULL,
  PRIMARY KEY (`id`)
) ENGINE=MyISAM AUTO_INCREMENT=4 DEFAULT CHARSET=latin1;

--
-- Dumping data for table `training_facility_services`
--

INSERT INTO `training_facility_services` (`id`, `name`, `status`, `createdat`, `createdby`, `lastmodifiedat`, `lastmodifiedby`) VALUES
(1, 'SWIMMING', 1011, '2018-03-29 22:48:47', 'TESTING', '2018-03-29 22:48:47', 'TESTING'),
(2, 'GYMNASTICS', 1011, '2018-03-29 22:49:35', 'TESTING', '2018-03-29 22:49:35', 'TESTING'),
(3, 'SWIMMING AND GYMNASTICS', 1011, '2018-03-29 22:50:30', 'TESTING', '2018-03-29 22:50:30', 'TESTING');

-- --------------------------------------------------------

--
-- Table structure for table `user_logs`
--

DROP TABLE IF EXISTS `user_logs`;
CREATE TABLE IF NOT EXISTS `user_logs` (
  `id` int(11) NOT NULL AUTO_INCREMENT,
  `user_id` int(11) NOT NULL,
  `password_code` varchar(100) NOT NULL DEFAULT '0',
  `action` varchar(100) DEFAULT NULL,
  `createdat` datetime NOT NULL DEFAULT CURRENT_TIMESTAMP,
  `createdby` varchar(30) NOT NULL,
  PRIMARY KEY (`id`)
) ENGINE=MyISAM AUTO_INCREMENT=6 DEFAULT CHARSET=latin1;

--
-- Dumping data for table `user_logs`
--

INSERT INTO `user_logs` (`id`, `user_id`, `password_code`, `action`, `createdat`, `createdby`) VALUES
(1, 5, '0', 'LOGIN', '2018-03-30 09:19:04', 'TESTING'),
(2, 7, '0', 'LOGOUT', '2018-03-30 09:19:04', 'TESTING'),
(3, 5, '0', 'BAD LOGIN', '2018-03-30 09:19:04', 'TESTING'),
(4, 2, '0', 'LOCK USER', '2018-03-30 09:19:04', 'TESTING'),
(5, 2, '0', 'UNLOCK USER', '2018-03-30 09:19:04', 'TESTING');

-- --------------------------------------------------------

--
-- Table structure for table `user_privileges`
--

DROP TABLE IF EXISTS `user_privileges`;
CREATE TABLE IF NOT EXISTS `user_privileges` (
  `id` int(11) NOT NULL AUTO_INCREMENT,
  `user_id` int(11) NOT NULL,
  `privilege` int(11) NOT NULL,
  `status` int(8) NOT NULL DEFAULT '1011',
  `createdat` datetime NOT NULL DEFAULT CURRENT_TIMESTAMP,
  `createdby` varchar(30) NOT NULL,
  `lastmodifiedat` datetime NOT NULL DEFAULT CURRENT_TIMESTAMP,
  `lastmodifiedby` varchar(30) NOT NULL,
  PRIMARY KEY (`id`)
) ENGINE=MyISAM DEFAULT CHARSET=latin1;

-- --------------------------------------------------------

--
-- Table structure for table `user_roles`
--

DROP TABLE IF EXISTS `user_roles`;
CREATE TABLE IF NOT EXISTS `user_roles` (
  `id` int(11) NOT NULL AUTO_INCREMENT,
  `user_id` int(11) NOT NULL,
  `role` int(11) NOT NULL,
  `status` int(8) NOT NULL DEFAULT '1011',
  `createdat` datetime NOT NULL DEFAULT CURRENT_TIMESTAMP,
  `createdby` varchar(30) NOT NULL,
  `lastmodifiedat` datetime NOT NULL DEFAULT CURRENT_TIMESTAMP,
  `lastmodifiedby` varchar(30) NOT NULL,
  PRIMARY KEY (`id`)
) ENGINE=MyISAM DEFAULT CHARSET=latin1;

-- --------------------------------------------------------

--
-- Table structure for table `user_types`
--

DROP TABLE IF EXISTS `user_types`;
CREATE TABLE IF NOT EXISTS `user_types` (
  `id` int(11) NOT NULL AUTO_INCREMENT,
  `name` varchar(100) NOT NULL,
  `status` int(8) NOT NULL DEFAULT '1011',
  `createdat` datetime NOT NULL DEFAULT CURRENT_TIMESTAMP,
  `createdby` varchar(30) NOT NULL,
  `lastmodifiedat` datetime NOT NULL DEFAULT CURRENT_TIMESTAMP,
  `lastmodifiedby` varchar(30) NOT NULL,
  PRIMARY KEY (`id`)
) ENGINE=MyISAM AUTO_INCREMENT=8 DEFAULT CHARSET=latin1;

--
-- Dumping data for table `user_types`
--

INSERT INTO `user_types` (`id`, `name`, `status`, `createdat`, `createdby`, `lastmodifiedat`, `lastmodifiedby`) VALUES
(1, 'STAFF', 1011, '2018-03-28 08:47:33', 'TESTING', '2018-03-28 08:47:33', 'TESTING'),
(2, 'TRAINEE', 1011, '2018-03-28 08:47:33', 'TESTING', '2018-03-28 08:47:33', 'TESTING'),
(3, 'TRAINER', 1011, '2018-03-28 08:47:33', 'TESTING', '2018-03-28 08:47:33', 'TESTING'),
(4, 'TRAINING FACILITY ADMINISTRATOR', 1011, '2018-03-30 06:23:52', 'TESTING', '2018-03-30 06:23:52', 'TESTING'),
(5, 'SYSTEM ADMINISTRATOR', 1011, '2018-04-19 19:02:37', 'TESTING', '2018-04-19 19:02:37', 'TESTING'),
(6, 'TRAINING FACILITY', 1011, '2018-03-30 06:23:52', 'TESTING', '2018-04-20 06:23:52', 'TESTING'),
(7, 'TESTING1', 1011, '2018-04-22 11:10:50', '1', '2018-04-22 11:10:50', '1');

-- --------------------------------------------------------

--
-- Table structure for table `wards`
--

DROP TABLE IF EXISTS `wards`;
CREATE TABLE IF NOT EXISTS `wards` (
  `id` int(11) NOT NULL AUTO_INCREMENT,
  `name` varchar(30) NOT NULL,
  `county` int(6) NOT NULL,
  `status` int(11) NOT NULL DEFAULT '1011',
  `createdat` datetime NOT NULL DEFAULT CURRENT_TIMESTAMP,
  `createdby` int(11) NOT NULL,
  `lastmodifiedat` datetime NOT NULL DEFAULT CURRENT_TIMESTAMP,
  `lastmodifiedby` int(11) NOT NULL,
  PRIMARY KEY (`id`)
) ENGINE=MyISAM AUTO_INCREMENT=31 DEFAULT CHARSET=latin1;

--
-- Dumping data for table `wards`
--

INSERT INTO `wards` (`id`, `name`, `county`, `status`, `createdat`, `createdby`, `lastmodifiedat`, `lastmodifiedby`) VALUES
(1, 'KABARNET', 1, 1011, '2018-03-28 13:39:57', 1, '2018-03-28 13:39:57', 1),
(2, 'SACHO', 1, 1011, '2018-03-28 13:39:57', 1, '2018-03-28 13:39:57', 1),
(3, 'TENGES', 1, 1011, '2018-03-28 13:39:57', 1, '2018-03-28 13:39:57', 1),
(4, 'KAPROPITA', 1, 1011, '2018-03-28 13:39:57', 1, '2018-03-28 13:39:57', 1),
(5, 'EWALEL CHAPCHAP', 1, 1011, '2018-03-28 13:39:57', 1, '2018-03-28 13:39:57', 1),
(6, 'TIRIOKO', 1, 1011, '2018-03-28 13:39:57', 1, '2018-03-28 13:39:57', 1),
(7, 'KOLOWA', 1, 1011, '2018-03-28 13:39:57', 1, '2018-03-28 13:39:57', 1),
(8, 'RIBKWO', 1, 1011, '2018-03-28 13:39:57', 1, '2018-03-28 13:39:57', 1),
(9, 'SILALE', 1, 1011, '2018-03-28 13:39:57', 1, '2018-03-28 13:39:57', 1),
(10, 'TANGULBEI/KOROSSI', 1, 1011, '2018-03-28 13:39:57', 1, '2018-03-28 13:39:57', 1),
(11, 'LOIYAMOROK', 1, 1011, '2018-03-28 13:45:32', 1, '2018-03-28 13:45:32', 1),
(12, 'CHURO/AMAYA', 1, 1011, '2018-03-28 13:45:32', 1, '2018-03-28 13:45:32', 1),
(13, 'LEMBUS', 1, 1011, '2018-03-28 13:45:32', 1, '2018-03-28 13:45:32', 1),
(14, 'RAVINE', 1, 1011, '2018-03-28 13:45:32', 1, '2018-03-28 13:45:32', 1),
(15, 'LEMBUS KWEN', 1, 1011, '2018-03-28 13:45:32', 1, '2018-03-28 13:45:32', 1),
(16, 'KOIBATEK', 1, 1011, '2018-03-28 13:45:32', 1, '2018-03-28 13:45:32', 1),
(17, 'LEMBUS/PERKERRA', 1, 1011, '2018-03-28 13:45:32', 1, '2018-03-28 13:45:32', 1),
(18, 'MUMBERES/MAJI MAZURI', 1, 1011, '2018-03-28 13:45:32', 1, '2018-03-28 13:45:32', 1),
(19, 'MUKUTANI', 1, 1011, '2018-03-28 13:45:32', 1, '2018-03-28 13:45:32', 1),
(20, 'MARIGAT', 1, 1011, '2018-03-28 13:45:32', 1, '2018-03-28 13:45:32', 1),
(21, 'ILCHAMUS', 1, 1011, '2018-03-28 13:45:32', 1, '2018-03-28 13:45:32', 1),
(22, 'MOCHONGOI', 1, 1011, '2018-03-28 13:45:32', 1, '2018-03-28 13:45:32', 1),
(23, 'BARWESSA', 1, 1011, '2018-03-28 13:45:32', 1, '2018-03-28 13:45:32', 1),
(24, 'SAIMO/KIPSARAMAN', 1, 1011, '2018-03-28 13:45:32', 1, '2018-03-28 13:45:32', 1),
(25, 'SAIMO/SOI', 1, 1011, '2018-03-28 13:45:32', 1, '2018-03-28 13:45:32', 1),
(26, 'KABARTONJO', 1, 1011, '2018-03-28 14:39:56', 1, '2018-03-28 14:39:56', 1),
(27, 'BARTABWA', 1, 1011, '2018-03-28 14:39:56', 1, '2018-03-28 14:39:56', 1),
(28, 'MOGOTIO', 1, 1011, '2018-03-28 14:39:56', 1, '2018-03-28 14:39:56', 1),
(29, 'EMINING', 1, 1011, '2018-03-28 14:39:56', 1, '2018-03-28 14:39:56', 1),
(30, 'KISANANA', 1, 1011, '2018-03-28 14:39:56', 1, '2018-03-28 14:39:56', 1);
COMMIT;

/*!40101 SET CHARACTER_SET_CLIENT=@OLD_CHARACTER_SET_CLIENT */;
/*!40101 SET CHARACTER_SET_RESULTS=@OLD_CHARACTER_SET_RESULTS */;
/*!40101 SET COLLATION_CONNECTION=@OLD_COLLATION_CONNECTION */;
