-- phpMyAdmin SQL Dump
-- version 4.9.7
-- https://www.phpmyadmin.net/
--
-- Host: localhost:3306
-- Generation Time: Sep 16, 2021 at 07:33 PM
-- Server version: 5.7.35
-- PHP Version: 7.3.30

SET SQL_MODE = "NO_AUTO_VALUE_ON_ZERO";
SET AUTOCOMMIT = 0;
START TRANSACTION;
SET time_zone = "+00:00";


/*!40101 SET @OLD_CHARACTER_SET_CLIENT=@@CHARACTER_SET_CLIENT */;
/*!40101 SET @OLD_CHARACTER_SET_RESULTS=@@CHARACTER_SET_RESULTS */;
/*!40101 SET @OLD_COLLATION_CONNECTION=@@COLLATION_CONNECTION */;
/*!40101 SET NAMES utf8mb4 */;

--
-- Database: `fitkonne_v1.0`
--

-- --------------------------------------------------------

--
-- Table structure for table `booking_transactions`
--

CREATE TABLE `booking_transactions` (
  `count` int(11) NOT NULL,
  `transaction_id` varchar(50) NOT NULL,
  `transaction_type` varchar(30) NOT NULL DEFAULT 'LESSON BOOKING',
  `amount` double NOT NULL,
  `booker_id` varchar(20) NOT NULL,
  `payment_option` varchar(30) NOT NULL,
  `additional_comments` varchar(500) DEFAULT NULL,
  `createdat` timestamp NOT NULL DEFAULT CURRENT_TIMESTAMP,
  `payment_status` int(11) NOT NULL DEFAULT '2001',
  `status` int(11) NOT NULL DEFAULT '1003'
) ENGINE=InnoDB DEFAULT CHARSET=latin1;

-- --------------------------------------------------------

--
-- Table structure for table `booking_transactions_details`
--

CREATE TABLE `booking_transactions_details` (
  `count` int(11) NOT NULL,
  `transaction_id` varchar(50) NOT NULL,
  `lesson` int(11) NOT NULL,
  `number_of_classes` int(11) NOT NULL,
  `unit_price` double NOT NULL,
  `start_date` varchar(20) NOT NULL,
  `start_time` varchar(20) DEFAULT NULL,
  `end_time` varchar(20) DEFAULT NULL,
  `training_facility` varchar(100) DEFAULT NULL,
  `is_rescheduled` varchar(5) NOT NULL DEFAULT 'NO',
  `reschedule_reason` varchar(500) DEFAULT NULL,
  `new_start_date` varchar(20) DEFAULT NULL,
  `payment_status` int(8) NOT NULL DEFAULT '2001',
  `approvedat` timestamp NULL DEFAULT NULL,
  `approvedby` varchar(20) DEFAULT NULL,
  `approval_comment` varchar(1000) DEFAULT NULL,
  `assigned_trainer` varchar(20) DEFAULT NULL,
  `reminder_sms_sent` varchar(5) NOT NULL DEFAULT 'NO',
  `trainer_approvedat` datetime DEFAULT NULL,
  `trainer_approval_comment` varchar(1000) DEFAULT NULL,
  `is_reassigned` varchar(5) NOT NULL DEFAULT 'NO',
  `re_assignedat` datetime DEFAULT NULL,
  `reassign_reason` varchar(50) DEFAULT NULL,
  `new_trainer` varchar(20) DEFAULT NULL,
  `new_reminder_sms_sent` varchar(5) NOT NULL DEFAULT 'NO',
  `new_trainer_approvedat` datetime DEFAULT NULL,
  `new_trainer_approval_comment` varchar(1000) DEFAULT NULL,
  `attendance_status` int(8) NOT NULL DEFAULT '5005',
  `trainer_rating` int(1) DEFAULT NULL,
  `facility_rating` int(1) DEFAULT NULL,
  `status` int(11) NOT NULL DEFAULT '1005'
) ENGINE=MyISAM DEFAULT CHARSET=latin1;

--
-- Dumping data for table `booking_transactions_details`
--

INSERT INTO `booking_transactions_details` (`count`, `transaction_id`, `lesson`, `number_of_classes`, `unit_price`, `start_date`, `start_time`, `end_time`, `training_facility`, `is_rescheduled`, `reschedule_reason`, `new_start_date`, `payment_status`, `approvedat`, `approvedby`, `approval_comment`, `assigned_trainer`, `reminder_sms_sent`, `trainer_approvedat`, `trainer_approval_comment`, `is_reassigned`, `re_assignedat`, `reassign_reason`, `new_trainer`, `new_reminder_sms_sent`, `new_trainer_approvedat`, `new_trainer_approval_comment`, `attendance_status`, `trainer_rating`, `facility_rating`, `status`) VALUES
(49, '8E422FF92FCB6EFC21E3A090A6A55211', 1, 1, 2000, '2018-02-28', NULL, NULL, NULL, 'YES', 'WORK RELATED ENGAGEMENT', '2018-06-03', 2003, '2018-04-12 15:06:07', 'TESTING', 'PLEASE DEAL', '4', 'NO', NULL, NULL, 'YES', '2018-05-11 09:07:02', 'TRAINEE DECLINED ASSIGNED TRAINER', '4', 'NO', '2018-05-11 09:07:02', 'Auto-reassigned', 1000, 4, 3, 1005),
(50, '8E422FF92FCB6EFC21E3A090A6A55211', 2, 1, 2000, '2018-02-28', NULL, NULL, NULL, 'YES', 'WORK RELATED ENGAGEMENT', '2018-06-03', 2003, '2018-04-12 15:06:07', 'TESTING', 'PLEASE DEAL', '4', 'YES', NULL, NULL, 'NO', NULL, NULL, NULL, 'NO', NULL, NULL, 1001, NULL, NULL, 1005),
(51, '8E422FF92FCB6EFC21E3A090A6A55211', 3, 1, 2000, '2018-02-28', NULL, NULL, NULL, 'YES', 'WORK RELATED ENGAGEMENT', '2018-06-03', 2003, '2018-04-12 15:06:07', 'TESTING', 'PLEASE DEAL', '4', 'NO', NULL, NULL, 'NO', NULL, NULL, NULL, 'NO', NULL, NULL, 1001, NULL, NULL, 1005),
(112, 'E17D3E8B1E0569D5B0762438AEF848F2', 1, 1, 1000, '2018-07-1', NULL, NULL, NULL, 'NO', NULL, NULL, 2003, NULL, NULL, NULL, NULL, 'NO', '2018-06-06 14:07:34', 'AUTO-APPROVED', 'NO', NULL, NULL, NULL, 'NO', NULL, NULL, 1001, NULL, NULL, 1005),
(54, 'EDB6233EF4B1A39F0BE4E02A4837CA00', 1, 1, 1000, '2018-02-28', NULL, NULL, NULL, 'YES', 'WORK RELATED ENGAGEMENT', '2018-06-03', 2003, '2018-04-12 15:06:07', 'TESTING', 'PLEASE DEAL', '4', 'YES', '2018-05-07 16:02:56', 'JUST TESTING', 'NO', NULL, NULL, NULL, 'NO', NULL, NULL, 1001, NULL, NULL, 1005),
(55, 'EDB6233EF4B1A39F0BE4E02A4837CA00', 3, 1, 2500, '2018-02-28', NULL, NULL, NULL, 'YES', 'WORK RELATED ENGAGEMENT', '2018-06-03', 2003, '2018-04-12 15:06:07', 'TESTING', 'PLEASE DEAL', '4', 'YES', NULL, NULL, 'NO', NULL, NULL, NULL, 'NO', NULL, NULL, 1001, NULL, NULL, 1005),
(56, '7A65DC96FF3E7DF489531335D29AD16A', 1, 1, 1000, '2018-02-28', NULL, NULL, NULL, 'YES', 'WORK RELATED ENGAGEMENT', '2018-06-03', 2003, '2018-04-12 15:06:07', 'TESTING', 'PLEASE DEAL', '4', 'YES', '2018-05-06 19:48:32', 'TEST', 'NO', NULL, NULL, NULL, 'NO', NULL, NULL, 1001, NULL, NULL, 1005),
(57, '7A65DC96FF3E7DF489531335D29AD16A', 2, 1, 2000, '2018-02-28', NULL, NULL, NULL, 'NO', NULL, NULL, 2003, '2018-04-12 15:06:07', 'TESTING', 'PLEASE DEAL', '4', 'YES', NULL, NULL, 'NO', NULL, NULL, NULL, 'NO', NULL, NULL, 1001, NULL, NULL, 1005),
(58, '480ABC45904832693EDD133981CA1AFE', 1, 1, 1000, '2018-01-1', NULL, NULL, NULL, 'NO', NULL, NULL, 2003, '2018-06-06 16:42:11', '1', 'TESTING', '4', 'NO', NULL, NULL, 'NO', NULL, NULL, NULL, 'NO', NULL, NULL, 1001, NULL, NULL, 1005),
(59, '480ABC45904832693EDD133981CA1AFE', 3, 1, 2500, '2018-01-1', NULL, NULL, NULL, 'NO', NULL, NULL, 2003, '2018-04-12 15:06:07', 'TESTING', 'PLEASE DEAL', '4', 'NO', NULL, NULL, 'NO', NULL, NULL, NULL, 'NO', NULL, NULL, 1001, NULL, NULL, 1005),
(60, '74C08AC12D407046BC97CD72ABF72FA1', 1, 1, 1000, '2018-01-1', NULL, NULL, NULL, 'NO', NULL, NULL, 2003, '2018-04-12 15:06:07', 'TESTING', 'PLEASE DEAL', '4', 'NO', NULL, NULL, 'NO', NULL, NULL, NULL, 'NO', NULL, NULL, 1001, NULL, NULL, 1005),
(61, '74C08AC12D407046BC97CD72ABF72FA1', 2, 1, 2000, '2018-01-1', NULL, NULL, NULL, 'NO', NULL, NULL, 2003, '2018-04-12 15:06:07', 'TESTING', 'PLEASE DEAL', '4', 'NO', NULL, NULL, 'NO', NULL, NULL, NULL, 'NO', NULL, NULL, 1001, NULL, NULL, 1005),
(62, '113807FCF960C3FF8D81A867C25F3788', 1, 1, 1000, '2018-05-16', NULL, NULL, NULL, 'NO', NULL, NULL, 2003, '2018-04-12 15:06:07', 'TESTING', 'PLEASE DEAL', '4', 'NO', NULL, NULL, 'NO', NULL, NULL, NULL, 'NO', NULL, NULL, 1001, NULL, NULL, 1005),
(63, '113807FCF960C3FF8D81A867C25F3788', 2, 1, 2000, '2018-05-16', NULL, NULL, NULL, 'NO', NULL, NULL, 2003, '2018-04-12 15:06:07', 'TESTING', 'PLEASE DEAL', '4', 'NO', NULL, NULL, 'NO', NULL, NULL, NULL, 'NO', NULL, NULL, 1001, NULL, NULL, 1005),
(64, '113807FCF960C3FF8D81A867C25F3788', 3, 1, 2500, '2018-05-16', NULL, NULL, NULL, 'NO', NULL, NULL, 2003, '2018-04-12 15:06:07', 'TESTING', 'PLEASE DEAL', '4', 'NO', NULL, NULL, 'NO', NULL, NULL, NULL, 'NO', NULL, NULL, 1001, NULL, NULL, 1005),
(65, 'DA9D890FC69676C2292DD88DB454736B', 1, 1, 1000, '2018-06-1', NULL, NULL, NULL, 'NO', NULL, NULL, 2003, '2018-04-12 15:06:07', 'TESTING', 'PLEASE DEAL', '4', 'NO', NULL, NULL, 'NO', NULL, NULL, NULL, 'NO', NULL, NULL, 1001, NULL, NULL, 1005),
(66, 'DA9D890FC69676C2292DD88DB454736B', 2, 1, 2000, '2018-06-1', NULL, NULL, NULL, 'NO', NULL, NULL, 2003, '2018-04-12 15:06:07', 'TESTING', 'PLEASE DEAL', '4', 'NO', NULL, NULL, 'NO', NULL, NULL, NULL, 'NO', NULL, NULL, 1001, NULL, NULL, 1005),
(67, '23235BD45BC6867D15049CB00E727E9C', 2, 1, 2000, '2018-08-1', NULL, NULL, NULL, 'NO', NULL, NULL, 2003, '2018-04-12 15:06:07', 'TESTING', 'PLEASE DEAL', '4', 'NO', NULL, NULL, 'NO', NULL, NULL, NULL, 'NO', NULL, NULL, 1001, NULL, NULL, 1005),
(68, '23235BD45BC6867D15049CB00E727E9C', 4, 1, 4500, '2018-08-1', NULL, NULL, NULL, 'NO', NULL, NULL, 2003, '2018-04-12 15:06:07', 'TESTING', 'PLEASE DEAL', '4', 'NO', NULL, NULL, 'NO', NULL, NULL, NULL, 'NO', NULL, NULL, 1001, NULL, NULL, 1005),
(69, '3AC96C02868EB5D406A0A8D4F833366E', 1, 1, 1000, '2018-05-21', NULL, NULL, NULL, 'NO', NULL, NULL, 2003, '2018-04-12 15:06:07', 'TESTING', 'PLEASE DEAL', '4', 'NO', NULL, NULL, 'NO', NULL, NULL, NULL, 'NO', NULL, NULL, 1001, NULL, NULL, 1005),
(70, '3AC96C02868EB5D406A0A8D4F833366E', 4, 1, 4500, '2018-05-21', NULL, NULL, NULL, 'NO', NULL, NULL, 2003, '2018-04-12 15:06:07', 'TESTING', 'PLEASE DEAL', '4', 'NO', NULL, NULL, 'NO', NULL, NULL, NULL, 'NO', NULL, NULL, 1001, NULL, NULL, 1005),
(71, '3AC96C02868EB5D406A0A8D4F833366E', 2, 1, 2000, '2018-05-21', NULL, NULL, NULL, 'NO', NULL, NULL, 2003, '2018-04-12 15:06:07', 'TESTING', 'PLEASE DEAL', '4', 'NO', NULL, NULL, 'NO', NULL, NULL, NULL, 'NO', NULL, NULL, 1001, NULL, NULL, 1005),
(72, '3AC96C02868EB5D406A0A8D4F833366E', 3, 1, 2500, '2018-05-21', NULL, NULL, NULL, 'NO', NULL, NULL, 2003, '2018-04-12 15:06:07', 'TESTING', 'PLEASE DEAL', '4', 'YES', NULL, NULL, 'NO', NULL, NULL, NULL, 'NO', NULL, NULL, 1001, NULL, NULL, 1005),
(73, '2B17FCD2B79852CF23147F64C46867F0', 1, 2, 1000, '2018-06-1', NULL, NULL, NULL, 'NO', NULL, NULL, 2003, '2018-04-12 15:06:07', 'TESTING', 'PLEASE DEAL', '4', 'NO', '2018-05-07 20:43:51', 'APPROVED', 'NO', NULL, NULL, NULL, 'NO', NULL, NULL, 1001, NULL, NULL, 1005),
(74, '2B17FCD2B79852CF23147F64C46867F0', 4, 1, 4500, '2018-06-1', NULL, NULL, NULL, 'NO', NULL, NULL, 2003, '2018-04-12 15:06:07', 'TESTING', 'PLEASE DEAL', '4', 'NO', '2018-05-07 20:40:15', 'TESTING', 'NO', NULL, NULL, NULL, 'NO', NULL, NULL, 1001, NULL, NULL, 1005),
(75, '2B17FCD2B79852CF23147F64C46867F0', 2, 1, 2000, '2018-06-1', NULL, NULL, NULL, 'NO', NULL, NULL, 2003, '2018-04-12 15:06:07', 'TESTING', 'PLEASE DEAL', '4', 'YES', NULL, NULL, 'NO', NULL, NULL, NULL, 'NO', NULL, NULL, 1001, NULL, NULL, 1005),
(76, '2B17FCD2B79852CF23147F64C46867F0', 3, 2, 2500, '2018-06-1', NULL, NULL, NULL, 'NO', NULL, NULL, 2003, '2018-04-12 15:06:07', 'TESTING', 'PLEASE DEAL', '4', 'NO', '2018-05-07 15:58:28', 'JHJGHJKJG', 'NO', NULL, NULL, NULL, 'NO', NULL, NULL, 1001, NULL, NULL, 1005),
(77, '8421186D62B93DF2DF155DB4C7DA76B1', 1, 1, 1000, '2018-06-1', NULL, NULL, NULL, 'NO', NULL, NULL, 2003, '2018-04-12 15:06:07', 'TESTING', 'PLEASE DEAL', '4', 'NO', NULL, NULL, 'NO', NULL, NULL, NULL, 'NO', NULL, NULL, 1001, NULL, NULL, 1005),
(78, '8421186D62B93DF2DF155DB4C7DA76B1', 2, 1, 2000, '2018-06-1', NULL, NULL, NULL, 'NO', NULL, NULL, 2003, '2018-06-07 02:28:25', '1', 'MIMI TU', '4', 'NO', NULL, NULL, 'NO', NULL, NULL, NULL, 'NO', NULL, NULL, 1001, NULL, NULL, 1005),
(79, '8421186D62B93DF2DF155DB4C7DA76B1', 3, 1, 2500, '2018-06-1', NULL, NULL, NULL, 'NO', NULL, NULL, 2003, '2018-04-12 15:06:07', 'TESTING', 'PLEASE DEAL', '4', 'NO', NULL, NULL, 'NO', NULL, NULL, NULL, 'NO', NULL, NULL, 1001, NULL, NULL, 1005),
(80, 'C9FD1459506484E0AFAD1EE8F6646B12', 1, 1, 1000, '1999-05-1', NULL, NULL, NULL, 'NO', NULL, NULL, 2003, '2018-06-06 15:50:30', '1', 'PLEASE DEAL', '4', 'NO', NULL, NULL, 'NO', NULL, NULL, NULL, 'NO', NULL, NULL, 1001, NULL, NULL, 1005),
(81, '69BD881B2FFAEDDEFDA6C372CFF3D805', 1, 1, 1000, '1999-05-1', NULL, NULL, NULL, 'NO', NULL, NULL, 2003, '2018-04-12 15:06:07', 'TESTING', 'PLEASE DEAL', '4', 'YES', NULL, NULL, 'NO', NULL, NULL, NULL, 'NO', NULL, NULL, 1011, NULL, NULL, 1005),
(82, '16AB376BC6D5BE850F860AF6E0D7AB32', 1, 1, 1000, '1999-05-1', NULL, NULL, NULL, 'NO', NULL, NULL, 2003, '2018-04-12 15:06:07', 'TESTING', 'PLEASE DEAL', '4', 'YES', NULL, NULL, 'NO', NULL, NULL, NULL, 'NO', NULL, NULL, 1011, NULL, NULL, 1005),
(83, '193042F80F874F49983BE706DFD02ACC', 1, 1, 1000, '1999-05-1', NULL, NULL, NULL, 'NO', NULL, NULL, 2003, '2018-04-12 15:06:07', 'TESTING', 'PLEASE DEAL', '4', 'YES', NULL, NULL, 'NO', NULL, NULL, NULL, 'NO', NULL, NULL, 1011, NULL, NULL, 1005),
(84, '193042F80F874F49983BE706DFD02ACC', 1, 1, 1000, '1999-05-1', NULL, NULL, NULL, 'NO', NULL, NULL, 2003, '2018-06-06 15:43:07', '1', 'TESTING', '4', 'NO', NULL, NULL, 'NO', NULL, NULL, NULL, 'NO', NULL, NULL, 1001, NULL, NULL, 1005),
(85, '193042F80F874F49983BE706DFD02ACC', 2, 1, 2000, '1999-05-1', NULL, NULL, NULL, 'NO', NULL, NULL, 2003, '2018-06-06 15:33:58', '1', 'TESTING', '4', 'NO', NULL, NULL, 'NO', NULL, NULL, NULL, 'NO', NULL, NULL, 1001, NULL, NULL, 1005),
(86, '0B607A895D5EF5CAE9A3E93C28710426', 2, 1, 2000, '2018-06-1', NULL, NULL, NULL, 'NO', NULL, NULL, 2003, '2018-04-12 15:06:07', 'TESTING', 'PLEASE DEAL', '4', 'NO', '2018-05-10 13:41:28', 'AUTO-APPROVED', 'NO', NULL, NULL, NULL, 'NO', NULL, NULL, 1001, NULL, NULL, 1005),
(87, '5BFFFD721DA2FF3F7541E1B65721B604', 2, 1, 2000, '2018-06-1', NULL, NULL, NULL, 'NO', NULL, NULL, 2003, '2018-04-12 15:06:07', 'TESTING', 'PLEASE DEAL', '4', 'NO', '2018-05-10 13:42:58', 'AUTO-APPROVED', 'NO', NULL, NULL, NULL, 'NO', NULL, NULL, 1001, NULL, NULL, 1005),
(88, '7CC29A323B8FF78C409D564A439865C1', 2, 1, 2000, '2018-06-1', NULL, NULL, NULL, 'NO', NULL, NULL, 2003, '2018-04-12 15:06:07', 'TESTING', 'PLEASE DEAL', '4', 'NO', '2018-05-10 13:45:21', 'AUTO-APPROVED', 'NO', NULL, NULL, NULL, 'NO', NULL, NULL, 1001, NULL, NULL, 1005),
(89, '0BFEFACBEE011E12F25497D1C2DFBAFD', 2, 1, 2000, '2018-06-1', NULL, NULL, NULL, 'NO', NULL, NULL, 2003, '2018-04-12 15:06:07', 'TESTING', 'PLEASE DEAL', '4', 'NO', '2018-05-10 13:48:01', 'AUTO-APPROVED', 'NO', NULL, NULL, NULL, 'NO', NULL, NULL, 1001, NULL, NULL, 1005),
(90, 'E81AC3C454C77FCC4789EAAFD8210928', 2, 1, 2000, '2018-06-1', NULL, NULL, NULL, 'NO', NULL, NULL, 2003, '2018-04-12 15:06:07', 'TESTING', 'PLEASE DEAL', '4', 'NO', '2018-05-10 13:49:11', 'AUTO-APPROVED', 'NO', NULL, NULL, NULL, 'NO', NULL, NULL, 1001, NULL, NULL, 1005),
(91, 'B6E7454F14DC3E6274C169BA94D924D2', 2, 1, 2000, '2018-06-1', NULL, NULL, NULL, 'NO', NULL, NULL, 2003, '2018-04-12 15:06:07', 'TESTING', 'PLEASE DEAL', '4', 'NO', '2018-05-10 13:51:21', 'AUTO-APPROVED', 'NO', NULL, NULL, NULL, 'NO', NULL, NULL, 1001, NULL, NULL, 1005),
(92, '1F3D22F0826B693D0F67C2E14B3B2874', 2, 1, 2000, '2018-06-1', NULL, NULL, NULL, 'NO', NULL, NULL, 2003, '2018-04-12 15:06:07', 'TESTING', 'PLEASE DEAL', '4', 'NO', '2018-05-10 13:51:52', 'AUTO-APPROVED', 'NO', NULL, NULL, NULL, 'NO', NULL, NULL, 1001, NULL, NULL, 1005),
(93, '1F3D22F0826B693D0F67C2E14B3B2874', 2, 1, 2000, '2018-06-1', NULL, NULL, NULL, 'NO', NULL, NULL, 2003, '2018-04-12 15:06:07', 'TESTING', 'PLEASE DEAL', '4', 'NO', '2018-05-10 13:51:55', 'AUTO-APPROVED', 'NO', NULL, NULL, NULL, 'NO', NULL, NULL, 1001, NULL, NULL, 1005),
(94, '1F3D22F0826B693D0F67C2E14B3B2874', 2, 1, 2000, '2018-06-1', NULL, NULL, NULL, 'NO', NULL, NULL, 2003, '2018-04-12 15:06:07', 'TESTING', 'PLEASE DEAL', '4', 'NO', '2018-05-10 13:51:55', 'AUTO-APPROVED', 'NO', NULL, NULL, NULL, 'NO', NULL, NULL, 1001, NULL, NULL, 1005),
(95, 'A16C7E7D4BDBD64DC0862354C70EF336', 2, 1, 2000, '2018-06-1', NULL, NULL, NULL, 'NO', NULL, NULL, 2003, '2018-04-12 15:06:07', 'TESTING', 'PLEASE DEAL', '4', 'NO', '2018-05-10 13:56:38', 'AUTO-APPROVED', 'NO', NULL, NULL, NULL, 'NO', NULL, NULL, 1001, NULL, NULL, 1005),
(96, 'A16C7E7D4BDBD64DC0862354C70EF336', 2, 1, 2000, '2018-06-1', NULL, NULL, NULL, 'NO', NULL, NULL, 2003, '2018-04-12 15:06:07', 'TESTING', 'PLEASE DEAL', '4', 'NO', '2018-05-10 13:56:40', 'AUTO-APPROVED', 'NO', NULL, NULL, NULL, 'NO', NULL, NULL, 1001, NULL, NULL, 1005),
(97, 'A16C7E7D4BDBD64DC0862354C70EF336', 2, 1, 2000, '2018-06-1', NULL, NULL, NULL, 'NO', NULL, NULL, 2003, '2018-04-12 15:06:07', 'TESTING', 'PLEASE DEAL', '4', 'NO', '2018-05-10 13:56:41', 'AUTO-APPROVED', 'NO', NULL, NULL, NULL, 'NO', NULL, NULL, 1001, NULL, NULL, 1005),
(98, '7079456E8719B0D5C3529E2BB03CB8D6', 1, 1, 1000, '2018-07-1', NULL, NULL, NULL, 'NO', NULL, NULL, 2003, '2018-04-12 15:06:07', 'TESTING', 'PLEASE DEAL', '4', 'NO', '2018-05-10 13:59:27', 'AUTO-APPROVED', 'NO', NULL, NULL, NULL, 'NO', NULL, NULL, 1001, NULL, NULL, 1005),
(99, '4CC1326B4AAC9149CC5EB423F1D34297', 1, 1, 1000, '2018-07-1', NULL, NULL, NULL, 'NO', NULL, NULL, 2003, '2018-04-12 15:06:07', 'TESTING', 'PLEASE DEAL', '4', 'NO', '2018-05-10 14:06:18', 'AUTO-APPROVED', 'NO', NULL, NULL, NULL, 'NO', NULL, NULL, 1001, NULL, NULL, 1005),
(100, 'F267EFDA1FDA4FDD632447222F0C9366', 1, 1, 1000, '2018-07-1', NULL, NULL, NULL, 'NO', NULL, NULL, 2003, '2018-04-12 15:06:07', 'TESTING', 'PLEASE DEAL', '4', 'NO', '2018-05-10 14:08:12', 'AUTO-APPROVED', 'NO', NULL, NULL, NULL, 'NO', NULL, NULL, 1001, NULL, NULL, 1005),
(101, 'F267EFDA1FDA4FDD632447222F0C9366', 1, 1, 1000, '2018-07-1', NULL, NULL, NULL, 'NO', NULL, NULL, 2003, '2018-04-12 15:06:07', 'TESTING', 'PLEASE DEAL', '4', 'NO', '2018-05-10 14:08:15', 'AUTO-APPROVED', 'NO', NULL, NULL, NULL, 'NO', NULL, NULL, 1001, NULL, NULL, 1005),
(102, 'F267EFDA1FDA4FDD632447222F0C9366', 3, 1, 2500, '2018-07-1', NULL, NULL, NULL, 'NO', NULL, NULL, 2003, '2018-04-12 15:06:07', 'TESTING', 'PLEASE DEAL', '4', 'NO', '2018-05-10 14:08:16', 'AUTO-APPROVED', 'NO', NULL, NULL, NULL, 'NO', NULL, NULL, 1001, NULL, NULL, 1005),
(103, '3874B97A466D585880F14FE325779A71', 1, 1, 1000, '2018-06-1', NULL, NULL, NULL, 'NO', NULL, NULL, 2003, '2018-04-12 15:06:07', 'TESTING', 'PLEASE DEAL', '4', 'NO', '2018-05-10 14:15:19', 'AUTO-APPROVED', 'NO', NULL, NULL, NULL, 'NO', NULL, NULL, 1001, NULL, NULL, 1005),
(104, '3874B97A466D585880F14FE325779A71', 1, 1, 1000, '2018-06-1', NULL, NULL, NULL, 'NO', NULL, NULL, 2003, '2018-04-12 15:06:07', 'TESTING', 'PLEASE DEAL', '4', 'NO', '2018-05-10 14:15:22', 'AUTO-APPROVED', 'NO', NULL, NULL, NULL, 'NO', NULL, NULL, 1001, NULL, NULL, 1005),
(105, '3874B97A466D585880F14FE325779A71', 3, 1, 2500, '2018-06-1', NULL, NULL, NULL, 'NO', NULL, NULL, 2003, '2018-04-12 15:06:07', 'TESTING', 'PLEASE DEAL', '4', 'NO', '2018-05-10 14:15:22', 'AUTO-APPROVED', 'NO', NULL, NULL, NULL, 'NO', NULL, NULL, 1001, NULL, NULL, 1005),
(106, '3874B97A466D585880F14FE325779A71', 2, 1, 2000, '2018-06-1', NULL, NULL, NULL, 'NO', NULL, NULL, 2003, '2018-04-12 15:06:07', 'TESTING', 'PLEASE DEAL', '4', 'NO', '2018-05-10 14:15:23', 'AUTO-APPROVED', 'NO', NULL, NULL, NULL, 'NO', NULL, NULL, 1001, NULL, NULL, 1005),
(107, '3874B97A466D585880F14FE325779A71', 3, 1, 2500, '2018-06-1', NULL, NULL, NULL, 'NO', NULL, NULL, 2003, '2018-04-12 15:06:07', 'TESTING', 'PLEASE DEAL', '4', 'NO', '2018-05-10 14:15:24', 'AUTO-APPROVED', 'NO', NULL, NULL, NULL, 'NO', NULL, NULL, 1001, NULL, NULL, 1005),
(108, '0BA8D4A04B47AB159FD58E85B750096A', 1, 1, 1000, '2018-06-1', NULL, NULL, NULL, 'NO', NULL, NULL, 2003, '2018-04-12 15:06:07', 'TESTING', 'PLEASE DEAL', '4', 'NO', '2018-05-10 14:32:41', 'AUTO-APPROVED', 'YES', '2018-05-10 17:21:06', NULL, '8', 'NO', '2018-05-10 17:21:06', 'Auto-reassigned', 1001, NULL, NULL, 1005),
(109, '0BA8D4A04B47AB159FD58E85B750096A', 1, 1, 1000, '2018-06-1', NULL, NULL, NULL, 'NO', NULL, NULL, 2003, '2018-04-12 15:06:07', 'TESTING', 'PLEASE DEAL', '4', 'NO', '2018-05-10 14:32:43', 'AUTO-APPROVED', 'NO', NULL, NULL, NULL, 'NO', NULL, NULL, 1001, NULL, NULL, 1005),
(110, '0BA8D4A04B47AB159FD58E85B750096A', 3, 1, 2500, '2018-06-1', NULL, NULL, NULL, 'NO', NULL, NULL, 2003, '2018-04-12 15:06:07', 'TESTING', 'PLEASE DEAL', '4', 'NO', '2018-05-10 14:32:43', 'AUTO-APPROVED', 'NO', NULL, NULL, NULL, 'NO', NULL, NULL, 1001, NULL, NULL, 1005),
(111, 'E17D3E8B1E0569D5B0762438AEF848F2', 1, 1, 1000, '2018-07-1', NULL, NULL, NULL, 'NO', NULL, NULL, 2003, '2018-06-06 11:07:33', '1', 'AUTO ASSIGNED', '4', 'NO', '2018-06-06 14:07:33', 'AUTO-APPROVED', 'NO', NULL, NULL, NULL, 'NO', NULL, NULL, 1001, NULL, NULL, 1005),
(113, 'E17D3E8B1E0569D5B0762438AEF848F2', 3, 1, 2500, '2018-07-1', NULL, NULL, NULL, 'NO', NULL, NULL, 2003, NULL, NULL, NULL, NULL, 'NO', '2018-06-06 14:07:35', 'AUTO-APPROVED', 'NO', NULL, NULL, NULL, 'NO', NULL, NULL, 1001, NULL, NULL, 1005),
(114, '8106B616FB092B4ECC9E9F6FB0FDAD30', 2, 1, 2000, '2018-07-1', NULL, NULL, NULL, 'NO', NULL, NULL, 2003, '2018-06-06 14:22:30', '1', 'AUTO ASSIGNED', '4', 'NO', '2018-06-06 17:22:30', 'AUTO-APPROVED', 'NO', NULL, NULL, NULL, 'NO', NULL, NULL, 1001, NULL, NULL, 1005),
(115, '8106B616FB092B4ECC9E9F6FB0FDAD30', 2, 1, 2000, '2018-07-1', NULL, NULL, NULL, 'NO', NULL, NULL, 2003, NULL, NULL, NULL, NULL, 'NO', '2018-06-06 17:22:32', 'AUTO-APPROVED', 'NO', NULL, NULL, NULL, 'NO', NULL, NULL, 1001, NULL, NULL, 1005),
(116, '8106B616FB092B4ECC9E9F6FB0FDAD30', 3, 1, 2500, '2018-07-1', NULL, NULL, NULL, 'NO', NULL, NULL, 2003, NULL, NULL, NULL, NULL, 'NO', '2018-06-06 17:22:32', 'AUTO-APPROVED', 'NO', NULL, NULL, NULL, 'NO', NULL, NULL, 1001, NULL, NULL, 1005),
(117, 'FBEDB7BFA53AB90F48D7A8E1A74126FF', 1, 1, 1000, '2018-08-1', NULL, NULL, NULL, 'NO', NULL, NULL, 2003, NULL, NULL, NULL, NULL, 'NO', '2018-06-06 19:28:46', 'AUTO-APPROVED', 'NO', NULL, NULL, NULL, 'NO', NULL, NULL, 1001, NULL, NULL, 1005),
(118, 'FBEDB7BFA53AB90F48D7A8E1A74126FF', 1, 1, 1000, '2018-08-1', NULL, NULL, NULL, 'NO', NULL, NULL, 2003, NULL, NULL, NULL, NULL, 'NO', '2018-06-06 19:28:48', 'AUTO-APPROVED', 'NO', NULL, NULL, NULL, 'NO', NULL, NULL, 1001, NULL, NULL, 1005),
(119, 'FBEDB7BFA53AB90F48D7A8E1A74126FF', 2, 1, 2000, '2018-08-1', NULL, NULL, NULL, 'NO', NULL, NULL, 2003, NULL, NULL, NULL, NULL, 'NO', '2018-06-06 19:28:48', 'AUTO-APPROVED', 'NO', NULL, NULL, NULL, 'NO', NULL, NULL, 1001, NULL, NULL, 1005),
(120, '38DD53C13543C401ACB6D07B22A58E1C', 1, 2, 1000, '2018-07-1', NULL, NULL, NULL, 'NO', NULL, NULL, 2003, '2018-06-07 02:27:30', '1', 'JUST TESTING', '4', 'NO', NULL, NULL, 'NO', NULL, NULL, NULL, 'NO', NULL, NULL, 1001, NULL, NULL, 1005),
(121, '38DD53C13543C401ACB6D07B22A58E1C', 1, 2, 1000, '2018-07-1', NULL, NULL, NULL, 'NO', NULL, NULL, 2003, '2018-06-07 02:27:52', '1', 'VERY BAD', NULL, 'NO', NULL, NULL, 'NO', NULL, NULL, NULL, 'NO', NULL, NULL, 1001, NULL, NULL, 1005),
(122, '38DD53C13543C401ACB6D07B22A58E1C', 2, 1, 2000, '2018-07-1', NULL, NULL, NULL, 'NO', NULL, NULL, 2003, '2018-06-07 02:27:56', '1', NULL, NULL, 'NO', NULL, NULL, 'NO', NULL, NULL, NULL, 'NO', NULL, NULL, 1001, NULL, NULL, 1005),
(123, '38DD53C13543C401ACB6D07B22A58E1C', 3, 1, 2500, '2018-07-1', NULL, NULL, NULL, 'NO', NULL, NULL, 2003, NULL, NULL, NULL, NULL, 'NO', NULL, NULL, 'NO', NULL, NULL, NULL, 'NO', NULL, NULL, 1001, NULL, NULL, 1005),
(124, '00A3A6629CEEF769CCDA0D85929CC170', 1, 2, 1000, '2018-08-1', NULL, NULL, NULL, 'NO', NULL, NULL, 2003, NULL, NULL, NULL, NULL, 'NO', NULL, NULL, 'NO', NULL, NULL, NULL, 'NO', NULL, NULL, 1001, NULL, NULL, 1005),
(125, '00A3A6629CEEF769CCDA0D85929CC170', 1, 2, 1000, '2018-08-1', NULL, NULL, NULL, 'NO', NULL, NULL, 2003, NULL, NULL, NULL, NULL, 'NO', NULL, NULL, 'NO', NULL, NULL, NULL, 'NO', NULL, NULL, 1001, NULL, NULL, 1005),
(126, '00A3A6629CEEF769CCDA0D85929CC170', 3, 1, 2500, '2018-08-1', NULL, NULL, NULL, 'NO', NULL, NULL, 2003, NULL, NULL, NULL, NULL, 'NO', NULL, NULL, 'NO', NULL, NULL, NULL, 'NO', NULL, NULL, 1001, NULL, NULL, 1005),
(127, '00A3A6629CEEF769CCDA0D85929CC170', 4, 1, 4500, '2018-08-1', NULL, NULL, NULL, 'NO', NULL, NULL, 2003, NULL, NULL, NULL, NULL, 'NO', NULL, NULL, 'NO', NULL, NULL, NULL, 'NO', NULL, NULL, 1001, NULL, NULL, 1005),
(128, 'D6FD624FA478A5E71FDE9BC65143D2E8', 1, 2, 1000, '2018-08-1', NULL, NULL, NULL, 'NO', NULL, NULL, 2003, NULL, NULL, NULL, NULL, 'NO', NULL, NULL, 'NO', NULL, NULL, NULL, 'NO', NULL, NULL, 1001, NULL, NULL, 1005),
(129, 'D6FD624FA478A5E71FDE9BC65143D2E8', 1, 2, 1000, '2018-08-1', NULL, NULL, NULL, 'NO', NULL, NULL, 2003, NULL, NULL, NULL, NULL, 'NO', NULL, NULL, 'NO', NULL, NULL, NULL, 'NO', NULL, NULL, 1001, NULL, NULL, 1005),
(130, 'D6FD624FA478A5E71FDE9BC65143D2E8', 3, 1, 2500, '2018-08-1', NULL, NULL, NULL, 'NO', NULL, NULL, 2003, NULL, NULL, NULL, NULL, 'NO', NULL, NULL, 'NO', NULL, NULL, NULL, 'NO', NULL, NULL, 1001, NULL, NULL, 1005),
(131, 'D6FD624FA478A5E71FDE9BC65143D2E8', 4, 1, 4500, '2018-08-1', NULL, NULL, NULL, 'NO', NULL, NULL, 2003, NULL, NULL, NULL, NULL, 'NO', NULL, NULL, 'NO', NULL, NULL, NULL, 'NO', NULL, NULL, 1001, NULL, NULL, 1005),
(132, 'CF108DC084A4BC367B5AE83C5933C535', 1, 2, 1000, '2018-07-5', NULL, NULL, NULL, 'NO', NULL, NULL, 2003, NULL, NULL, NULL, NULL, 'NO', NULL, NULL, 'NO', NULL, NULL, NULL, 'NO', NULL, NULL, 1001, NULL, NULL, 1005),
(133, 'CF108DC084A4BC367B5AE83C5933C535', 1, 2, 1000, '2018-07-5', NULL, NULL, NULL, 'NO', NULL, NULL, 2003, NULL, NULL, NULL, NULL, 'NO', NULL, NULL, 'NO', NULL, NULL, NULL, 'NO', NULL, NULL, 1001, NULL, NULL, 1005),
(134, 'CF108DC084A4BC367B5AE83C5933C535', 3, 1, 2500, '2018-07-5', NULL, NULL, NULL, 'NO', NULL, NULL, 2003, NULL, NULL, NULL, NULL, 'NO', NULL, NULL, 'NO', NULL, NULL, NULL, 'NO', NULL, NULL, 1001, NULL, NULL, 1005),
(135, 'CF108DC084A4BC367B5AE83C5933C535', 4, 1, 4500, '2018-07-5', NULL, NULL, NULL, 'NO', NULL, NULL, 2003, NULL, NULL, NULL, NULL, 'NO', NULL, NULL, 'NO', NULL, NULL, NULL, 'NO', NULL, NULL, 1001, NULL, NULL, 1005),
(136, '2C29B35B2A41EC2DE15CA4FDEBEFE9C9', 1, 1, 1000, '2018-08-1', NULL, NULL, NULL, 'NO', NULL, NULL, 2003, NULL, NULL, NULL, NULL, 'NO', NULL, NULL, 'NO', NULL, NULL, NULL, 'NO', NULL, NULL, 1001, NULL, NULL, 1005),
(137, '2C29B35B2A41EC2DE15CA4FDEBEFE9C9', 1, 1, 1000, '2018-08-1', NULL, NULL, NULL, 'NO', NULL, NULL, 2003, NULL, NULL, NULL, NULL, 'NO', NULL, NULL, 'NO', NULL, NULL, NULL, 'NO', NULL, NULL, 1001, NULL, NULL, 1005),
(138, '2C29B35B2A41EC2DE15CA4FDEBEFE9C9', 3, 1, 2500, '2018-08-1', NULL, NULL, NULL, 'NO', NULL, NULL, 2003, NULL, NULL, NULL, NULL, 'NO', NULL, NULL, 'NO', NULL, NULL, NULL, 'NO', NULL, NULL, 1001, NULL, NULL, 1005),
(139, '2C29B35B2A41EC2DE15CA4FDEBEFE9C9', 2, 1, 2000, '2018-08-1', NULL, NULL, NULL, 'NO', NULL, NULL, 2003, NULL, NULL, NULL, NULL, 'NO', NULL, NULL, 'NO', NULL, NULL, NULL, 'NO', NULL, NULL, 1001, NULL, NULL, 1005),
(140, '2C29B35B2A41EC2DE15CA4FDEBEFE9C9', 3, 1, 2500, '2018-08-1', NULL, NULL, NULL, 'NO', NULL, NULL, 2003, NULL, NULL, NULL, NULL, 'NO', NULL, NULL, 'NO', NULL, NULL, NULL, 'NO', NULL, NULL, 1001, NULL, NULL, 1005),
(141, 'D027E7A5EE8A42956FF293A789DBCFE3', 2, 1, 2000, '2018-09-1', NULL, NULL, NULL, 'NO', NULL, NULL, 2003, NULL, NULL, NULL, NULL, 'NO', NULL, NULL, 'NO', NULL, NULL, NULL, 'NO', NULL, NULL, 1001, NULL, NULL, 1005),
(142, 'D027E7A5EE8A42956FF293A789DBCFE3', 2, 1, 2000, '2018-09-1', NULL, NULL, NULL, 'NO', NULL, NULL, 2003, NULL, NULL, NULL, NULL, 'NO', NULL, NULL, 'NO', NULL, NULL, NULL, 'NO', NULL, NULL, 1001, NULL, NULL, 1005),
(143, 'D027E7A5EE8A42956FF293A789DBCFE3', 3, 1, 2500, '2018-09-1', NULL, NULL, NULL, 'NO', NULL, NULL, 2003, NULL, NULL, NULL, NULL, 'NO', NULL, NULL, 'NO', NULL, NULL, NULL, 'NO', NULL, NULL, 1001, NULL, NULL, 1005),
(144, '932E46E46472CBFBC9D5ADC11466D267', 2, 1, 2000, '2018-08-1', NULL, NULL, NULL, 'NO', NULL, NULL, 2003, NULL, NULL, NULL, NULL, 'NO', NULL, NULL, 'NO', NULL, NULL, NULL, 'NO', NULL, NULL, 1001, NULL, NULL, 1005),
(145, '932E46E46472CBFBC9D5ADC11466D267', 2, 1, 2000, '2018-08-1', NULL, NULL, NULL, 'NO', NULL, NULL, 2003, NULL, NULL, NULL, NULL, 'NO', NULL, NULL, 'NO', NULL, NULL, NULL, 'NO', NULL, NULL, 1001, NULL, NULL, 1005),
(146, '932E46E46472CBFBC9D5ADC11466D267', 3, 1, 2500, '2018-08-1', NULL, NULL, NULL, 'NO', NULL, NULL, 2003, NULL, NULL, NULL, NULL, 'NO', NULL, NULL, 'NO', NULL, NULL, NULL, 'NO', NULL, NULL, 1001, NULL, NULL, 1005),
(147, '0892F1D6C00D9231891E8502C30FE1EA', 1, 1, 1000, '2018-08-1', NULL, NULL, NULL, 'NO', NULL, NULL, 2003, NULL, NULL, NULL, NULL, 'NO', NULL, NULL, 'NO', NULL, NULL, NULL, 'NO', NULL, NULL, 1001, NULL, NULL, 1005),
(148, '0892F1D6C00D9231891E8502C30FE1EA', 2, 1, 2000, '2018-08-1', NULL, NULL, NULL, 'NO', NULL, NULL, 2003, NULL, NULL, NULL, NULL, 'NO', NULL, NULL, 'NO', NULL, NULL, NULL, 'NO', NULL, NULL, 1001, NULL, NULL, 1005),
(149, 'BFCDB485692EFB3A9CDBA4A3B09503C9', 1, 1, 1000, '2018-09-1', NULL, NULL, NULL, 'NO', NULL, NULL, 2003, NULL, NULL, NULL, NULL, 'NO', NULL, NULL, 'NO', NULL, NULL, NULL, 'NO', NULL, NULL, 1001, NULL, NULL, 1005),
(150, 'BFCDB485692EFB3A9CDBA4A3B09503C9', 2, 1, 2000, '2018-09-1', NULL, NULL, NULL, 'NO', NULL, NULL, 2003, NULL, NULL, NULL, NULL, 'NO', NULL, NULL, 'NO', NULL, NULL, NULL, 'NO', NULL, NULL, 1001, NULL, NULL, 1005),
(151, '23F4951A147883BDBE2B5D4946EEBDE3', 1, 1, 1000, '2018-11-1', NULL, NULL, NULL, 'NO', NULL, NULL, 2003, NULL, NULL, NULL, NULL, 'NO', NULL, NULL, 'NO', NULL, NULL, NULL, 'NO', NULL, NULL, 1001, NULL, NULL, 1005),
(152, '23F4951A147883BDBE2B5D4946EEBDE3', 2, 1, 2000, '2018-11-1', NULL, NULL, NULL, 'NO', NULL, NULL, 2003, NULL, NULL, NULL, NULL, 'NO', NULL, NULL, 'NO', NULL, NULL, NULL, 'NO', NULL, NULL, 1001, NULL, NULL, 1005),
(153, '23F4951A147883BDBE2B5D4946EEBDE3', 3, 1, 2500, '2018-11-1', NULL, NULL, NULL, 'NO', NULL, NULL, 2003, NULL, NULL, NULL, NULL, 'NO', NULL, NULL, 'NO', NULL, NULL, NULL, 'NO', NULL, NULL, 1001, NULL, NULL, 1005),
(154, '973C34329BEAE963FB281C057565CA82', 1, 1, 1000, '2018-08-1', NULL, NULL, NULL, 'NO', NULL, NULL, 2003, NULL, NULL, NULL, NULL, 'NO', NULL, NULL, 'NO', NULL, NULL, NULL, 'NO', NULL, NULL, 1001, NULL, NULL, 1005),
(155, '973C34329BEAE963FB281C057565CA82', 3, 1, 2500, '2018-08-1', NULL, NULL, NULL, 'NO', NULL, NULL, 2003, NULL, NULL, NULL, NULL, 'NO', NULL, NULL, 'NO', NULL, NULL, NULL, 'NO', NULL, NULL, 1001, NULL, NULL, 1005),
(156, '11BAEDDB448A6F3811771164A24E29ED', 1, 1, 1000, '2018-09-1', NULL, NULL, NULL, 'NO', NULL, NULL, 2003, NULL, NULL, NULL, NULL, 'NO', NULL, NULL, 'NO', NULL, NULL, NULL, 'NO', NULL, NULL, 1001, NULL, NULL, 1005),
(157, '11BAEDDB448A6F3811771164A24E29ED', 2, 1, 2000, '2018-09-1', NULL, NULL, NULL, 'NO', NULL, NULL, 2003, NULL, NULL, NULL, NULL, 'NO', NULL, NULL, 'NO', NULL, NULL, NULL, 'NO', NULL, NULL, 1001, NULL, NULL, 1005),
(158, '3F21583C0DD88C3AE423DFE20E524BFF', 1, 2, 1000, '2018-12-1', NULL, NULL, NULL, 'NO', NULL, NULL, 2003, NULL, NULL, NULL, NULL, 'NO', NULL, NULL, 'NO', NULL, NULL, NULL, 'NO', NULL, NULL, 1001, NULL, NULL, 1005),
(159, '3F21583C0DD88C3AE423DFE20E524BFF', 2, 1, 2000, '2018-12-1', NULL, NULL, NULL, 'NO', NULL, NULL, 2003, NULL, NULL, NULL, NULL, 'NO', NULL, NULL, 'NO', NULL, NULL, NULL, 'NO', NULL, NULL, 1001, NULL, NULL, 1005),
(160, '142A271A15637C4FCCFA509A23426BC2', 1, 1, 1000, '2018-10-1', NULL, NULL, NULL, 'NO', NULL, NULL, 2003, NULL, NULL, NULL, NULL, 'NO', NULL, NULL, 'NO', NULL, NULL, NULL, 'NO', NULL, NULL, 1001, NULL, NULL, 1005),
(161, '142A271A15637C4FCCFA509A23426BC2', 2, 1, 2000, '2018-10-1', NULL, NULL, NULL, 'NO', NULL, NULL, 2003, '2018-07-09 21:27:03', '1', 'TEST', '4', 'NO', NULL, NULL, 'NO', NULL, NULL, NULL, 'NO', NULL, NULL, 1001, NULL, NULL, 1005),
(162, '77032BD42B36326AD0480D530522C9E8', 2, 2, 12500, '2018-11-1', NULL, NULL, 'N/A', 'NO', NULL, NULL, 2001, NULL, NULL, NULL, NULL, 'NO', NULL, NULL, 'NO', NULL, NULL, NULL, 'NO', NULL, NULL, 5005, NULL, NULL, 1005);

-- --------------------------------------------------------

--
-- Table structure for table `contacts`
--

CREATE TABLE `contacts` (
  `id` int(11) NOT NULL,
  `user_id` int(11) NOT NULL,
  `phone_number1` varchar(20) NOT NULL,
  `phone_number2` varchar(20) DEFAULT NULL,
  `email` varchar(50) NOT NULL,
  `postal_number` varchar(20) DEFAULT NULL,
  `postal_code` varchar(20) DEFAULT NULL,
  `postal_town` varchar(30) DEFAULT NULL,
  `county` int(4) DEFAULT NULL,
  `ward` int(4) DEFAULT NULL,
  `prof_picture` varchar(50) DEFAULT NULL,
  `website` varchar(50) DEFAULT NULL,
  `status` int(8) NOT NULL DEFAULT '1001',
  `createdat` datetime NOT NULL DEFAULT CURRENT_TIMESTAMP,
  `createdby` varchar(30) NOT NULL,
  `lastmodifiedat` datetime NOT NULL DEFAULT CURRENT_TIMESTAMP,
  `lastmodifiedby` varchar(30) NOT NULL
) ENGINE=MyISAM DEFAULT CHARSET=latin1;

--
-- Dumping data for table `contacts`
--

INSERT INTO `contacts` (`id`, `user_id`, `phone_number1`, `phone_number2`, `email`, `postal_number`, `postal_code`, `postal_town`, `county`, `ward`, `prof_picture`, `website`, `status`, `createdat`, `createdby`, `lastmodifiedat`, `lastmodifiedby`) VALUES
(1, 1, '+254710534013', '+254737773314', 'MAURICEMUGENI@GMAIL.COM', '21433', '00100', 'NAIROBI', 1, 1, '084844CF1D16480C75298CF27DCFEDD9.JPG', 'WWW.REFLEXCONCEPTS.CO.KE', 1009, '2018-03-28 21:21:34', '1', '2018-07-11 03:17:15', '1'),
(2, 2, '+254710534013', '+254737773314', 'MAURICEMUGENI@GMAIL.COM', '2143314', '00100', 'NAIROBI', 1, 1, 'E598A5795D337B11DFAF13DADE60879B.JPG', 'WWW.REFLEXCONCEPTS.CO.KE', 1001, '2018-03-28 21:23:52', '1', '2018-07-17 14:27:29', '1'),
(3, 3, '+254710534013', '+254737773314', 'MAURICEMUGENI@GMAIL.COM', '21433', '00100', 'NAIROBI', 1, 1, 'F9CD359E979E2479A5372C7F90E708FA.JPG', 'WWW.REFLEXCONCEPTS.CO.KE', 1001, '2018-03-28 21:29:24', '1', '2018-03-28 21:29:24', '1'),
(4, 4, '+254710534013', '+254737773314', 'MOMUGZ@GMAIL.COM', '21433', '00100', 'NAIROBI', 1, 1, 'DB5906FC9D0F6CB6FB06789A89F4194C.JPG', 'WWW.REFLEXCONCEPTS.CO.KE', 1001, '2018-03-30 05:53:21', '1', '2018-03-30 05:53:21', '1'),
(5, 5, '+254710534013', '+254737773314', 'MAURICEMUGENI@GMAIL.COM', '21433', '00100', 'NAIROBI', 1, 1, '718D676490F28B59A6FE6C76C09BE1FA.JPG', 'WWW.REFLEXCONCEPTS.CO.KE', 1001, '2018-03-30 06:06:42', '1', '2018-03-30 06:06:42', '1'),
(71, 59, '+254710534013', '+254737773314', 'MAURICEMUGENI@GMAIL.COM', '2143314', '00100', 'NAIROBI', 1, 1, '1E52D7085F18D7CE86C00AE43A62EE0B.PDF', 'WWW.REFLEXCONCEPTS.CO.KE', 1001, '2018-07-20 11:07:34', '1', '2018-07-20 11:07:34', '1'),
(70, 59, '+254710534013', '+254737773314', 'MAURICEMUGENI@GMAIL.COM', '2143314', '00100', 'NAIROBI', 1, 1, '18EDF0F223A809E780F814FEE1D76BB9.PDF', 'WWW.REFLEXCONCEPTS.CO.KE', 1001, '2018-07-20 10:59:04', '1', '2018-07-20 10:59:04', '1'),
(72, 60, '789946578', NULL, 'JUSTTEST2@GMAL.COM', NULL, NULL, NULL, NULL, NULL, NULL, NULL, 1001, '2018-10-02 21:58:44', '60', '2018-10-02 21:58:44', '60'),
(73, 61, '716459948', NULL, 'JUSTTEST3@GMAL.COM', NULL, NULL, NULL, NULL, NULL, NULL, NULL, 1001, '2018-10-02 22:03:03', '61', '2018-10-02 22:03:03', '61'),
(74, 62, '07899946578', NULL, 'PAYMENTS@BE.CO.KE', NULL, NULL, NULL, NULL, NULL, NULL, NULL, 1001, '2018-10-04 03:24:46', '62', '2018-10-04 03:24:46', '62'),
(75, 63, '789946578', NULL, 'BINARY@BE.CO.KE', NULL, NULL, NULL, NULL, NULL, NULL, NULL, 1001, '2018-10-07 21:28:08', '63', '2018-10-07 21:28:08', '63'),
(76, 62, '254789946578', NULL, 'BINARY@BE.CO.KE', NULL, NULL, NULL, NULL, NULL, NULL, NULL, 1001, '2018-10-14 18:18:51', '62', '2018-10-14 18:18:51', '62'),
(77, 65, '+254716459948', NULL, 'BELLARMINE16@GMAIL.COM', NULL, NULL, NULL, NULL, NULL, NULL, NULL, 1001, '2018-10-16 21:06:00', '65', '2018-10-16 21:06:00', '65'),
(78, 62, '+254716459948', NULL, 'BELLARMINE16@GMAIL.COM', NULL, NULL, NULL, NULL, NULL, NULL, NULL, 1001, '2018-10-16 21:08:27', '62', '2018-10-16 21:08:27', '62'),
(79, 62, '+254716459948', NULL, 'BELLARMINE16@GMAIL.COM', NULL, NULL, NULL, NULL, NULL, NULL, NULL, 1001, '2018-10-16 21:10:38', '62', '2018-10-16 21:10:38', '62'),
(80, 62, '+254716459948', NULL, 'BELLARMINE16@GMAIL.COM', NULL, NULL, NULL, NULL, NULL, NULL, NULL, 1001, '2018-10-16 21:13:20', '62', '2018-10-16 21:13:20', '62'),
(81, 62, '789946578', NULL, 'BELLARMINE16@GMAIL.COM', NULL, NULL, NULL, NULL, NULL, NULL, NULL, 1001, '2018-10-16 21:15:12', '62', '2018-10-16 21:15:12', '62'),
(82, 62, '789946578', NULL, 'BELLARMINE16@GMAIL.COM', NULL, NULL, NULL, NULL, NULL, NULL, NULL, 1001, '2018-10-16 21:19:39', '62', '2018-10-16 21:19:39', '62'),
(83, 62, '789946578', NULL, 'BINARY@BE.CO.KE', NULL, NULL, NULL, NULL, NULL, NULL, NULL, 1001, '2018-10-16 21:28:44', '62', '2018-10-16 21:28:44', '62'),
(84, 62, '789946578', NULL, 'BINARY@BE.CO.KE', NULL, NULL, NULL, NULL, NULL, NULL, NULL, 1001, '2018-10-16 21:31:32', '62', '2018-10-16 21:31:32', '62'),
(85, 1, '789946578', NULL, 'BINARY@BE.CO.KE', NULL, NULL, NULL, NULL, NULL, NULL, NULL, 1001, '2018-10-16 21:56:38', '1', '2018-10-16 21:56:38', '1'),
(86, 1, '789946578', NULL, 'BINARY@BE.CO.KE', NULL, NULL, NULL, NULL, NULL, NULL, NULL, 1001, '2018-10-16 22:00:33', '1', '2018-10-16 22:00:33', '1'),
(87, 1, '789946578', NULL, 'BINARY@BE.CO.KE', NULL, NULL, NULL, NULL, NULL, NULL, NULL, 1001, '2018-10-17 03:03:34', '1', '2018-10-17 03:03:34', '1'),
(88, 1, '789946578', NULL, 'BELLARMINE16@GMAIL.COM', NULL, NULL, NULL, NULL, NULL, NULL, NULL, 1001, '2018-10-17 03:08:00', '1', '2018-10-17 03:08:00', '1'),
(89, 1, '789946578', NULL, 'BELLARMINE16@GMAIL.COM', NULL, NULL, NULL, NULL, NULL, NULL, NULL, 1001, '2018-10-17 03:19:29', '1', '2018-10-17 03:19:29', '1'),
(90, 1, '789946578', NULL, 'BELLARMINE16@GMAIL.COM', NULL, NULL, NULL, NULL, NULL, NULL, NULL, 1001, '2018-10-17 14:13:29', '1', '2018-10-17 14:13:29', '1'),
(91, 1, '789946578', NULL, 'BELLARMINE16@GMAIL.COM', NULL, NULL, NULL, NULL, NULL, NULL, NULL, 1001, '2018-10-17 14:40:35', '1', '2018-10-17 14:40:35', '1'),
(92, 1, '+254789946578', NULL, 'BELLARMINE16@GMAIL.COM', NULL, NULL, NULL, NULL, NULL, NULL, NULL, 1001, '2018-10-17 14:44:03', '1', '2018-10-17 14:44:03', '1'),
(93, 1, '+254789946578', NULL, 'BELLARMINE16@GMAIL.COM', NULL, NULL, NULL, NULL, NULL, NULL, NULL, 1001, '2018-10-17 15:20:07', '1', '2018-10-17 15:20:07', '1'),
(94, 1, '+254789946578', NULL, 'BELLARMINE16@GMAIL.COM', NULL, NULL, NULL, NULL, NULL, NULL, NULL, 1001, '2018-10-17 15:21:21', '1', '2018-10-17 15:21:21', '1'),
(95, 1, '+254789946578', NULL, 'BELLARMINE16@GMAIL.COM', NULL, NULL, NULL, NULL, NULL, NULL, NULL, 1001, '2018-10-17 15:26:03', '1', '2018-10-17 15:26:03', '1'),
(96, 1, '+254789946578', NULL, 'BELLARMINE16@GMAIL.COM', NULL, NULL, NULL, NULL, NULL, NULL, NULL, 1001, '2018-10-17 15:36:42', '1', '2018-10-17 15:36:42', '1'),
(97, 1, '+254789946578', NULL, 'BELLARMINE16@GMAIL.COM', NULL, NULL, NULL, NULL, NULL, NULL, NULL, 1001, '2018-10-17 15:41:00', '1', '2018-10-17 15:41:00', '1'),
(98, 1, '+254789946578', NULL, 'BELLARMINE16@GMAIL.COM', NULL, NULL, NULL, NULL, NULL, NULL, NULL, 1001, '2018-10-17 15:48:01', '1', '2018-10-17 15:48:01', '1'),
(99, 1, '+254789946578', NULL, 'BELLARMINE16@GMAIL.COM', NULL, NULL, NULL, NULL, NULL, NULL, NULL, 1001, '2018-10-17 18:20:03', '1', '2018-10-17 18:20:03', '1'),
(100, 1, '789946578', NULL, 'BELLARMINE16@GMAIL.COM', NULL, NULL, NULL, NULL, NULL, NULL, NULL, 1001, '2018-10-17 18:22:39', '1', '2018-10-17 18:22:39', '1'),
(101, 1, '789946578', NULL, 'BELLARMINE16@GMAIL.COM', NULL, NULL, NULL, NULL, NULL, NULL, NULL, 1001, '2018-10-17 18:41:56', '1', '2018-10-17 18:41:56', '1'),
(102, 1, '789946578', NULL, 'BELLARMINE16@GMAIL.COM', NULL, NULL, NULL, NULL, NULL, NULL, NULL, 1001, '2018-10-17 19:12:14', '1', '2018-10-17 19:12:14', '1'),
(103, 1, '789946578', NULL, 'BELLARMINE16@GMAIL.COM', NULL, NULL, NULL, NULL, NULL, NULL, NULL, 1001, '2018-10-17 19:28:23', '1', '2018-10-17 19:28:23', '1'),
(104, 1, '789946578', NULL, 'BELLARMINE16@GMAIL.COM', NULL, NULL, NULL, NULL, NULL, NULL, NULL, 1001, '2018-10-17 19:34:53', '1', '2018-10-17 19:34:53', '1'),
(105, 1, '789946578', NULL, 'BELLARMINE16@GMAIL.COM', NULL, NULL, NULL, NULL, NULL, NULL, NULL, 1001, '2018-10-17 19:39:22', '1', '2018-10-17 19:39:22', '1'),
(106, 1, '789946578', NULL, 'BELLARMINE16@GMAIL.COM', NULL, NULL, NULL, NULL, NULL, NULL, NULL, 1001, '2018-10-17 19:45:00', '1', '2018-10-17 19:45:00', '1'),
(107, 1, '789946578', NULL, 'BELLARMINE16@GMAIL.COM', NULL, NULL, NULL, NULL, NULL, NULL, NULL, 1001, '2018-10-17 20:41:19', '1', '2018-10-17 20:41:19', '1'),
(108, 96, '789946578', NULL, 'DSHIMWATI@GMAIL.COM', NULL, NULL, NULL, NULL, NULL, NULL, NULL, 1001, '2018-11-10 23:11:20', '96', '2018-11-10 23:11:20', '96'),
(109, 97, '84632768847', NULL, 'I.O.O.X.VERT.R.I.S.@GMAIL.COM', NULL, NULL, NULL, NULL, NULL, NULL, NULL, 1001, '2021-09-04 00:53:46', '97', '2021-09-04 00:53:46', '97');

-- --------------------------------------------------------

--
-- Table structure for table `counties`
--

CREATE TABLE `counties` (
  `id` int(11) NOT NULL,
  `name` varchar(30) NOT NULL,
  `status` int(11) NOT NULL DEFAULT '1001',
  `createdat` datetime NOT NULL DEFAULT CURRENT_TIMESTAMP,
  `createdby` varchar(30) NOT NULL,
  `lastmodifiedat` datetime NOT NULL DEFAULT CURRENT_TIMESTAMP,
  `lastmodifiedby` varchar(30) NOT NULL
) ENGINE=MyISAM DEFAULT CHARSET=latin1;

--
-- Dumping data for table `counties`
--

INSERT INTO `counties` (`id`, `name`, `status`, `createdat`, `createdby`, `lastmodifiedat`, `lastmodifiedby`) VALUES
(1, 'BARINGO', 1009, '2018-03-28 13:05:58', '1', '2018-07-11 03:41:56', '1'),
(2, 'BOMET', 1001, '2018-03-28 13:05:58', '1', '2018-07-18 18:55:25', '1'),
(3, 'BUNGOMA', 1001, '2018-03-28 13:05:58', '1', '2018-03-28 13:05:58', '1'),
(4, 'BUSIA', 1001, '2018-03-28 13:05:58', '1', '2018-03-28 13:05:58', '1'),
(5, 'ELGEYO-MARAKWET', 1001, '2018-03-28 13:05:58', '1', '2018-03-28 13:05:58', '1'),
(6, 'EMBU', 1001, '2018-03-28 13:05:58', '1', '2018-03-28 13:05:58', '1'),
(7, 'GARISSA', 1001, '2018-03-28 13:05:58', '1', '2018-03-28 13:05:58', '1'),
(8, 'HOMABAY', 1001, '2018-03-28 13:05:58', '1', '2018-03-28 13:05:58', '1'),
(9, 'ISIOLO', 1001, '2018-03-28 13:05:58', '1', '2018-03-28 13:05:58', '1'),
(10, 'KAJIADO', 1001, '2018-03-28 13:05:58', '1', '2018-03-28 13:05:58', '1'),
(11, 'KAKAMEGA', 1001, '2018-03-28 13:05:58', '1', '2018-03-28 13:05:58', '1'),
(12, 'KERICHO', 1001, '2018-03-28 13:05:58', '1', '2018-03-28 13:05:58', '1'),
(13, 'KIAMBU', 1001, '2018-03-28 13:05:58', '1', '2018-03-28 13:05:58', '1'),
(14, 'KILIFI', 1001, '2018-03-28 13:05:58', '1', '2018-03-28 13:05:58', '1'),
(15, 'KIRINYAGA', 1001, '2018-03-28 13:05:58', '1', '2018-03-28 13:05:58', '1'),
(16, 'KISII', 1001, '2018-03-28 13:05:58', '1', '2018-03-28 13:05:58', '1'),
(17, 'KISUMU', 1001, '2018-03-28 13:05:58', '1', '2018-03-28 13:05:58', '1'),
(18, 'KITUI', 1001, '2018-03-28 13:05:58', '1', '2018-03-28 13:05:58', '1'),
(19, 'KWALE', 1001, '2018-03-28 13:05:58', '1', '2018-03-28 13:05:58', '1'),
(20, 'LAIKIPIA', 1001, '2018-03-28 13:11:35', '1', '2018-03-28 13:11:35', '1'),
(21, 'LAMU', 1001, '2018-03-28 13:11:35', '1', '2018-03-28 13:11:35', '1'),
(22, 'MACHAKOS', 1001, '2018-03-28 13:11:35', '1', '2018-03-28 13:11:35', '1'),
(23, 'MAKUENI', 1001, '2018-03-28 13:11:35', '1', '2018-03-28 13:11:35', '1'),
(24, 'MANDERA', 1001, '2018-03-28 13:11:35', '1', '2018-03-28 13:11:35', '1'),
(25, 'MARSABIT', 1001, '2018-03-28 13:11:35', '1', '2018-03-28 13:11:35', '1'),
(26, 'MERU', 1001, '2018-03-28 13:11:35', '1', '2018-03-28 13:11:35', '1'),
(27, 'MIGORI', 1001, '2018-03-28 13:11:35', '1', '2018-03-28 13:11:35', '1'),
(28, 'MOMBASA', 1001, '2018-03-28 13:11:35', '1', '2018-03-28 13:11:35', '1'),
(29, 'MURANG\'A', 1001, '2018-03-28 13:11:35', '1', '2018-03-28 13:11:35', '1'),
(30, 'NAIROBI', 1001, '2018-03-28 13:11:35', '1', '2018-03-28 13:11:35', '1'),
(31, 'NAKURU', 1001, '2018-03-28 13:11:35', '1', '2018-03-28 13:11:35', '1'),
(32, 'NANDI', 1001, '2018-03-28 13:11:35', '1', '2018-03-28 13:11:35', '1'),
(33, 'NAROK', 1001, '2018-03-28 13:11:35', '1', '2018-03-28 13:11:35', '1'),
(34, 'NYAMIRA', 1001, '2018-03-28 13:11:35', '1', '2018-03-28 13:11:35', '1'),
(35, 'NYANDARUA', 1001, '2018-03-28 13:11:35', '1', '2018-03-28 13:11:35', '1'),
(36, 'NYERI', 1001, '2018-03-28 13:11:35', '1', '2018-03-28 13:11:35', '1'),
(37, 'SAMBURU', 1001, '2018-03-28 13:11:35', '1', '2018-03-28 13:11:35', '1'),
(38, 'SIAYA', 1001, '2018-03-28 13:11:35', '1', '2018-03-28 13:11:35', '1'),
(39, 'TAITA TAVETA', 1001, '2018-03-28 13:11:35', '1', '2018-03-28 13:11:35', '1'),
(40, 'TANA RIVER', 1001, '2018-03-28 13:14:27', '1', '2018-03-28 13:14:27', '1'),
(41, 'THARAKA NITHI', 1001, '2018-03-28 13:14:27', '1', '2018-03-28 13:14:27', '1'),
(42, 'TRANS-NZOIA', 1001, '2018-03-28 13:14:27', '1', '2018-03-28 13:14:27', '1'),
(43, 'TURKANA', 1001, '2018-03-28 13:14:27', '1', '2018-03-28 13:14:27', '1'),
(44, 'UASIN GISHU', 1001, '2018-03-28 13:14:27', '1', '2018-03-28 13:14:27', '1'),
(45, 'VIHIGA', 1001, '2018-03-28 13:14:27', '1', '2018-03-28 13:14:27', '1'),
(46, 'WAJIR', 1001, '2018-03-28 13:14:27', '1', '2018-03-28 13:14:27', '1'),
(47, 'WEST POKOT', 1001, '2018-03-28 13:14:27', '1', '2018-03-28 13:14:27', '1');

-- --------------------------------------------------------

--
-- Table structure for table `cron_test`
--

CREATE TABLE `cron_test` (
  `date` date NOT NULL
) ENGINE=MyISAM DEFAULT CHARSET=latin1;

--
-- Dumping data for table `cron_test`
--

INSERT INTO `cron_test` (`date`) VALUES
('2018-05-04'),
('2018-05-04');

-- --------------------------------------------------------

--
-- Table structure for table `facility_ratings`
--

CREATE TABLE `facility_ratings` (
  `count` int(11) NOT NULL,
  `facility_id` int(11) NOT NULL,
  `lesson_id` int(11) NOT NULL,
  `score` int(11) NOT NULL
) ENGINE=MyISAM DEFAULT CHARSET=latin1;

-- --------------------------------------------------------

--
-- Table structure for table `inbox_messages`
--

CREATE TABLE `inbox_messages` (
  `id` int(11) NOT NULL,
  `name` varchar(50) NOT NULL,
  `phone_number` varchar(20) NOT NULL,
  `email` varchar(50) NOT NULL,
  `subject` varchar(50) NOT NULL,
  `message` varchar(1000) NOT NULL,
  `user_id` varchar(20) NOT NULL DEFAULT 'WEBSITE USER',
  `createdat` datetime NOT NULL DEFAULT CURRENT_TIMESTAMP,
  `is_assigned` varchar(5) NOT NULL DEFAULT 'NO',
  `assignedat` datetime DEFAULT NULL,
  `assignedby` varchar(30) DEFAULT NULL,
  `assignedto` varchar(30) DEFAULT NULL,
  `status` int(8) NOT NULL DEFAULT '1003',
  `closedat` datetime DEFAULT NULL
) ENGINE=MyISAM DEFAULT CHARSET=latin1;

--
-- Dumping data for table `inbox_messages`
--

INSERT INTO `inbox_messages` (`id`, `name`, `phone_number`, `email`, `subject`, `message`, `user_id`, `createdat`, `is_assigned`, `assignedat`, `assignedby`, `assignedto`, `status`, `closedat`) VALUES
(1, 'GHJKL', 'FGHJKL', 'FGHJKL@GDHJD', 'CVBNM', 'DFGHJKL', 'WEBSITE USER', '2018-06-16 09:25:27', 'NO', NULL, NULL, NULL, 1004, '2018-07-11 03:29:44'),
(2, 'MAURICE MUGENI', '0710534013', 'MAURICEMUGENI@GMAIL.COM', 'TESTING', 'JUST TESTING', 'WEBSITE USER', '2018-06-16 09:36:59', 'NO', NULL, NULL, NULL, 1003, NULL),
(3, 'MAURICE KARANJA', '0710534013', 'MAURICEMUGENI@GMAIL.COM', 'TESTING', 'TESTING', 'WEBSITE USER', '2018-06-16 13:15:32', 'NO', NULL, NULL, NULL, 1004, '2018-07-14 09:30:20'),
(4, 'KATE', '555-555-5555', 'INSTA_NOW@OUTLOOK.COM', 'THE MAGIC OF 10,000 INSTAGRAM FOLLOWERS', 'HI THERE,\r\n\r\nDO YOU KNOW THE MAGIC OF 10K INSTAGRAM FOLLOWERS?\r\n\r\nA 10K FOLLOWER COUNT ON INSTAGRAM ISNâ€™T JUST AN AWARENESS METRIC. \r\nTHE MILESTONE COMES WITH AN IMMEDIATE, TANGIBLE BENEFIT. \r\n\r\nONCE YOU HAVE 10K FOLLOWERS, INSTAGRAM WILL MAKE IT EASIER FOR YOU TO GET PEOPLE\r\nTO YOUR WEBSITE VIA STORIES WITH THE SWIPE UP TO LINK FEATURE.\r\n\r\nSWIPE UP IS THE ONLY WAY TO GET A DIRECT LINK FROM YOUR INSTAGRAM TO YOUR OTHER WEB PROPERTIES. \r\nAND, ITâ€™S AVAILABLE IN STORIES, IF YOU HAVE 10K FOLLOWERS.\r\n\r\nTHE SWIPEABLE LINK IN STORIES LETS YOU SEND PEOPLE TO YOUR BLOG, YOUR ECOMMERCE PAGE, OR YOUR EMAIL SIGNUP LIST, \r\nWITHOUT REQUIRING THE VISITOR TO CLICK TO YOUR BIO FIRST. THE FEATURE ALONE IS A GAME CHANGER!\r\n\r\nTESTIMONIAL:\r\nâ€œBEFORE THIS, INSTAGRAM RARELY SHOWED UP AS A TRAFFIC SOURCE FOR MY SHOP OR BLOG. \r\nSINCE THAT FEATURE WAS ADDED, Iâ€™M ABLE TO GET MORE TRAFFIC TO MY WEBSITES DIRECTLY FROM IG.â€\r\n\r\nTO ORDER AND SEE ALL OTHER PACKAGES PLEASE GO TO HTTPS://SOCIAL-MEDIA-BLAST.COM\r', 'WEBSITE USER', '2021-07-13 16:24:14', 'NO', NULL, NULL, NULL, 1003, NULL),
(5, 'SARAH', '555-000-0000', 'TOPDROP2021@LAVACHE.COM', 'WOULD YOU LIKE A NEW BUSINESS TO ADD TO YOUR EXIST', 'HI,\r\n\r\nI THOUGHT YOU MAY BE INTERESTED.\r\n \r\nWE SELL BEAUTIFULLY DESIGNED, BEST NICHE READY MADE DROPSHIP STORES.\r\nAVERAGE PROFIT ON ALL PRODUCTS IS 100% TO 300%. \r\n\r\nFREE HOSTING PERMANENTLY, DOMAIN AND SOCIAL MEDIA MARKETING PLAN ARE ALL INCLUDED.\r\nJUST A ONE TIME FEE FOR THE AVAILABLE DROPSHIP WEBSITE OF YOUR CHOICE AND EVERYTHING ABOVE.\r\n\r\nIF THIS SOUNDS OF INTEREST PLEASE SEE OUR NEWEST AVAILABLE SITES AT HTTPS://DROPSHIPPINGINCOME.COM\r\n\r\nTHANK YOU FOR YOUR TIME AND HOPE TO SEE YOU THERE.\r\n\r\nBEST,\r\nSARAH\r\nDSI', 'WEBSITE USER', '2021-07-15 15:50:21', 'NO', NULL, NULL, NULL, 1003, NULL),
(6, 'REBECCA HARRIS', '618-997-3110', 'HARRIS3406@MSN.COM', 'WEBSITE SPELLING ERRORS', 'I THINK YOU MISSPELLED THE WORD \"REGISTERATION\" ON YOUR WEBSITE.  IF YOU WANT TO KEEP ERRORS OFF OF YOUR SITE WE\'VE SUCCESSFULLY USED A TOOL LIKE SPELLPROS.COM IN THE PAST FOR OUR WEBSITES.  A NICE CUSTOMER POINTED OUT OUR MISTAKES SO I\'M JUST PAYING IT FORWARD :).', 'WEBSITE USER', '2021-07-20 00:59:58', 'NO', NULL, NULL, NULL, 1003, NULL),
(7, 'DECLAN', 'SGDVRO', 'DECLAN.CUNNINGHAM@GMAIL.COM', 'FITKONNECT.COM', 'MORNING \r\n \r\nMEET YOUR BEST BUDS - TRUE WIRELESS EARBUDS WITH AMAZING SOUND, CONVENIENCE, PORTABILITY, & AFFORDABILITY!\r\n\r\nORDER YOURS NOW AT 50% OFF WITH FREE SHIPPING: MUSICONTROL.ONLINE\r\n \r\nBEST REGARDS, \r\n \r\nDECLAN\r\nFITKONNECT KE | CONTACT US', 'WEBSITE USER', '2021-08-02 15:09:47', 'NO', NULL, NULL, NULL, 1003, NULL),
(8, 'RONALDPAYPE', '', 'SUPPORT@WELL-WEB.NET', 'Ð’Ð¸Ñ€Ñ‚ÑƒÐ°Ð»ÑŒÐ½Ñ‹Ð¹ Ñ…Ð¾ÑÑ‚Ð¸Ð½Ð³', '<A HREF=HTTPS://WELL-WEB.NET/>Ð’Ð¸Ñ€Ñ‚ÑƒÐ°Ð»ÑŒÐ½Ñ‹Ð¹ Ñ…Ð¾ÑÑ‚Ð¸Ð½Ð³</A> \r\n<A HREF=\"HTTPS://WELL-WEB.NET/\">Ð’Ð¸Ñ€Ñ‚ÑƒÐ°Ð»ÑŒÐ½Ñ‹Ð¹ Ñ…Ð¾ÑÑ‚Ð¸Ð½Ð³</A>', 'WEBSITE USER', '2021-08-04 03:22:33', 'NO', NULL, NULL, NULL, 1003, NULL),
(9, 'SHERLYN', '0390 9966080', 'SHERLYN.SANTORA32@GMAIL.COM', 'FITKONNECT KE | CONTACT US', 'HI THERE \r\n \r\nCAREDOGBESTâ„¢ - PERSONALIZED DOG HARNESS. ALL SIZES FROM XS TO XXL.  EASY ON/OFF IN JUST 2 SECONDS.  LIFETIME WARRANTY.\r\n\r\nCLICK HERE: CAREDOGBEST.COM\r\n \r\nTHANK YOU, \r\n \r\nSHERLYN\r\nFITKONNECT KE | CONTACT US', 'WEBSITE USER', '2021-08-04 20:09:20', 'NO', NULL, NULL, NULL, 1003, NULL),
(10, 'CORY', '01.68.39.35.05', 'CORY.MOEN@MSN.COM', 'FITKONNECT KE | CONTACT US', 'HELLO \r\n \r\nBUY ALL STYLES OF RAY-BAN SUNGLASSES ONLY 24.99 DOLLARS WITH FREE SHIPPING & RETURNS.  IF INTERESTED, PLEASE VISIT OUR SITE: SUPERSUNGLASSES.ONLINE\r\n \r\nTO YOUR SUCCESS, \r\n\r\nCORY \r\nFITKONNECT KE | CONTACT US', 'WEBSITE USER', '2021-08-06 16:36:19', 'NO', NULL, NULL, NULL, 1003, NULL),
(11, 'ANTHONYKEW', '', 'NO.REPLY.FEEDBACKFORM@GMAIL.COM', 'A NEW WAY OF ADVERTISING.', 'GÐ¾Ð¾D DÐ°Y!  FITKONNECT.COM \r\n \r\nDID YÐ¾U KNÐ¾W THÐ°T IT IS PÐ¾SSIBLÐµ TÐ¾ SÐµND PRÐ¾PÐ¾SÐ°L TÐ¾TÐ°LLY LÐ°WFUL? \r\nWÐµ SÐµLL Ð° NÐµW LÐµGÐ°L MÐµTHÐ¾D Ð¾F SÐµNDING PRÐ¾PÐ¾SÐ°L THRÐ¾UGH FÐµÐµDBÐ°ÑK FÐ¾RMS. SUÑH FÐ¾RMS Ð°RÐµ LÐ¾ÑÐ°TÐµD Ð¾N MÐ°NY SITÐµS. \r\nWHÐµN SUÑH BUSINÐµSS PRÐ¾PÐ¾SÐ°LS Ð°RÐµ SÐµNT, NÐ¾ PÐµRSÐ¾NÐ°L DÐ°TÐ° IS USÐµD, Ð°ND MÐµSSÐ°GÐµS Ð°RÐµ SÐµNT TÐ¾ FÐ¾RMS SPÐµÑIFIÑÐ°LLY DÐµSIGNÐµD TÐ¾ RÐµÑÐµIVÐµ MÐµSSÐ°GÐµS Ð°ND Ð°PPÐµÐ°LS. \r\nÐ°LSÐ¾, MÐµSSÐ°GÐµS SÐµNT THRÐ¾UGH FÐµÐµDBÐ°ÑK FÐ¾RMS DÐ¾ NÐ¾T GÐµT INTÐ¾ SPÐ°M BÐµÑÐ°USÐµ SUÑH MÐµSSÐ°GÐµS Ð°RÐµ ÑÐ¾NSIDÐµRÐµD IMPÐ¾RTÐ°NT. \r\nWÐµ Ð¾FFÐµR YÐ¾U TÐ¾ TÐµST Ð¾UR SÐµRVIÑÐµ FÐ¾R FRÐµÐµ. WÐµ WILL SÐµND UP TÐ¾ 50,000 MÐµSSÐ°GÐµS FÐ¾R YÐ¾U. \r\nTHÐµ ÑÐ¾ST Ð¾F SÐµNDING Ð¾NÐµ MILLIÐ¾N MÐµSSÐ°GÐµS IS 49 USD. \r\n \r\nTHIS LÐµTTÐµR IS ÑRÐµÐ°TÐµD Ð°UTÐ¾MÐ°TIÑÐ°LLY. PLÐµÐ°SÐµ USÐµ THÐµ ÑÐ¾NTÐ°ÑT DÐµTÐ°ILS BÐµLÐ¾W TÐ¾ ÑÐ¾NTÐ°ÑT US. \r\n \r\nCONTACT US. \r\nTELEGRAM - @FEEDBACKFORMEU \r\nSKYPE  LIVE:.CID.EEF97F1D29D827B5 \r\nWHATSAPP - +37525911', 'WEBSITE USER', '2021-08-09 23:12:17', 'NO', NULL, NULL, NULL, 1003, NULL),
(12, 'NIKOLE', '04258 16 07 50', 'NIKOLE.CHARBONNEAU@GMAIL.COM', 'FITKONNECT KE | CONTACT US', 'HI\r\n\r\nGET THE WORLDS GREATEST MAGIC SAND FREE BEACH MAT!\r\n\r\nWATCH SAND, DIRT & DUST DISAPPEAR RIGHT BEFORE YOUR EYES! IT\'S PERFECT FOR BEACH, PICNIC, CAMPING OR HIKING.\r\n\r\nACT NOW AND RECEIVE A SPECIAL DISCOUNT FOR OUR MAGIC MAT!\r\n\r\nGET YOURS HERE:  MAGICMAT.SHOP\r\n\r\nSINCERELY, \r\n \r\nNIKOLE\r\nFITKONNECT KE | CONTACT US', 'WEBSITE USER', '2021-08-13 07:40:07', 'NO', NULL, NULL, NULL, 1003, NULL),
(13, 'ERIC', '555-555-1212', 'ERIC.JONES.Z.MAIL@GMAIL.COM', 'THERE THEY GOâ€¦', 'HEY, MY NAMEâ€™S ERIC AND FOR JUST A SECOND, IMAGINE THISâ€¦\r\n\r\n- SOMEONE DOES A SEARCH AND WINDS UP AT FITKONNECT.COM.\r\n\r\n- THEY HANG OUT FOR A MINUTE TO CHECK IT OUT.  â€œIâ€™M INTERESTEDâ€¦ BUTâ€¦ MAYBEâ€¦â€\r\n\r\n- AND THEN THEY HIT THE BACK BUTTON AND CHECK OUT THE OTHER SEARCH RESULTS INSTEAD. \r\n\r\n- BOTTOM LINE â€“ YOU GOT AN EYEBALL, BUT NOTHING ELSE TO SHOW FOR IT.\r\n\r\n- THERE THEY GO.\r\n\r\nTHIS ISNâ€™T REALLY YOUR FAULT â€“ IT HAPPENS A LOT â€“ STUDIES SHOW 7 OUT OF 10 VISITORS TO ANY SITE DISAPPEAR WITHOUT LEAVING A TRACE.\r\n\r\nBUT YOU CAN FIX THAT.\r\n\r\nTALK WITH WEB VISITOR IS A SOFTWARE WIDGET THATâ€™S WORKS ON YOUR SITE, READY TO CAPTURE ANY VISITORâ€™S NAME, EMAIL ADDRESS AND PHONE NUMBER.  IT LETS YOU KNOW RIGHT THEN AND THERE â€“ ENABLING YOU TO CALL THAT LEAD WHILE THEYâ€™RE LITERALLY LOOKING OVER YOUR SITE.\r\n\r\nCLICK HERE HTTPS://TALKWITHWEBVISITORS.COM TO TRY OUT A LIVE DEMO WITH TALK WITH WEB VISITOR NOW TO SEE EXACTLY HOW IT WORKS.\r\n\r\nTIME IS MONEY WHEN IT COMES TO CONNECTI', 'WEBSITE USER', '2021-08-16 20:54:41', 'NO', NULL, NULL, NULL, 1003, NULL),
(14, 'TAMMIE', '403-887-5133', 'TAMMIE.SARGENT60@GOOGLEMAIL.COM', 'FITKONNECT KE | CONTACT US', 'HI\r\n\r\nBUY MEDICAL DISPOSABLE FACE MASK TO PROTECT YOUR LOVED ONES FROM THE DEADLY CORONAVIRUS.  THE PRICE IS $0.28 EACH.  IF INTERESTED, PLEASE CHECK OUR SITE: PHARMACYOUTLETS.ONLINE\r\n\r\nBEST WISHES,\r\n\r\nTAMMIE\r\nFITKONNECT KE | CONTACT US', 'WEBSITE USER', '2021-08-17 07:22:27', 'NO', NULL, NULL, NULL, 1003, NULL),
(15, 'MICHAEL RAJIV', '', 'MICHAELRAJIV44@GMAIL.COM', 'NEED FUNDING?', 'HELLO DEAR, \r\n \r\nGREETINGS TO YOU AND I HOPE THIS EMAIL MEET AT YOUR BEST, I AM WORKING DIRECTLY WITH A PRIVATE FAMILY PORTFOLIO THAT CAN PROVIDE FUNDING FOR CREDIBLE CLIENTS WITH FEASIBLE PROJECTS. CURRENTLY, WE HAVE INVESTMENT FUNDS FOR VIABLE PROJECTS. \r\n \r\nTHEY ARE INTERESTED IN THE FOLLOWING: INSTITUTION, LIBRARY, HOSPITALS, GREEN ENERGY, \r\nPOWER PROJECTS, AGRICULTURE AND REAL ESTATE. THEY CAN ALSO PARTNER WITH YOUR COMPANY ON OTHER PROJECTS OF VALUE. THE INTEREST RATE AND TENURE ARE FANTASTIC. \r\n \r\nYOUR RESPONSE IS MOST ANTICIPATED IF THIS IS OF INTEREST TO YOU. \r\nREACH ME ON EMAIL: FUNDING@EUROCLEARPAYMENTS.COM OR MICHAELRAJIV44@GMAIL.COM \r\n \r\n \r\nKIND REGARDS, \r\n \r\nMICHAEL RAJIV \r\nFINANCIAL CONSULTANT \r\nCALL: +44 7452 111119 \r\nEUROCLEAR GROUPS \r\nFUNDING@EUROCLEARPAYMENTS.COM \r\nURL: HTTP://EUROCLEAR.COM', 'WEBSITE USER', '2021-08-18 16:42:52', 'NO', NULL, NULL, NULL, 1003, NULL),
(16, 'SHANNAN', '320-263-4752', 'PARAMOR.SHANNAN@GMAIL.COM', 'SHANNAN PARAMOR', 'NEW MULTIFUNCTION ANTI-THEFT WATERPROOF SLING BAG\r\n\r\nTHE BEST EVER SUPER SLING BAG: DROP-PROOF/ANTI-THEFT/SCRATCH-RESISTANT/USB CHARGING\r\n\r\n50% OFF FOR THE NEXT 24 HOURS ONLY + FREE WORLDWIDE SHIPPING FOR A LIMITED TIME\r\n\r\nBUY NOW: FASHIONDAILY.ONLINE\r\n\r\nTHANKS AND BEST REGARDS, \r\n\r\nSHANNAN\r\nFITKONNECT KE | CONTACT US\r\n', 'WEBSITE USER', '2021-08-18 22:37:21', 'NO', NULL, NULL, NULL, 1003, NULL),
(17, 'ATTAHIRU BAFARAWA', '', 'BAFARATTAHIRU@GMAIL.COM', 'DEAR PARTNER', 'DEAR PARTNER; \r\n \r\nI CAME ACROSS YOUR EMAIL CONTACT ON DATABASE; WHERE I WAS SEARCHING FOR A COMPETENT PARTNER WHO CAN HANDLE A LUCRATIVE BUSINESS FOR ME AS TRUSTEE AND MANAGER. I ANTICIPATE TO READ FROM YOU SOON SO I CAN PROVIDE YOU WITH MORE DETAILS. \r\n \r\nATTAHIRU BAFARAWA \r\nBAFARATTAHIRU@GMAIL.COM', 'WEBSITE USER', '2021-08-19 06:45:34', 'NO', NULL, NULL, NULL, 1003, NULL),
(18, 'DONALD COLE', '', 'KENDRICKBELLS@DONALDOCOLE.COM', 'PARTNERSHIP', 'GOOD DAY \r\n \r\n \r\n \r\nI`M SEEKING A REPUTABLE COMPANY/INDIVIDUAL TO PARTNER WITH IN A MANNER THAT WOULD BENEFIT BOTH PARTIES. THE PROJECT IS WORTH $24 MILLION SO \r\nIF INTERESTED, KINDLY CONTACT ME THROUGH THIS EMAIL DONALDCOLE@DONALDOCOLE.COM FOR CLARIFICATION. \r\n \r\n \r\nI AWAIT YOUR RESPONSE. \r\n \r\n \r\nTHANKS, \r\n \r\n \r\nDONALD COLE', 'WEBSITE USER', '2021-08-22 04:31:14', 'NO', NULL, NULL, NULL, 1003, NULL),
(19, 'SAVANNAH', '031 891 81 60', 'SAVANNAH.CALWELL@OUTLOOK.COM', 'SAVANNAH CALWELL', 'HEY\r\n\r\nBUY MEDICAL DISPOSABLE FACE MASK TO PROTECT YOUR LOVED ONES FROM THE DEADLY CORONAVIRUS.  THE PRICE IS $0.28 EACH.  IF INTERESTED, PLEASE CHECK OUR SITE: PHARMACYOUTLETS.ONLINE\r\n\r\nCHEERS,\r\n\r\nSAVANNAH', 'WEBSITE USER', '2021-08-24 00:28:56', 'NO', NULL, NULL, NULL, 1003, NULL),
(20, 'DAVIDERERM', '', 'DAVIDEVIFT449@OUTLOOK.COM.VN', 'THIS IS YOUR ONLY CHANCE TO BECOME FINANCIALLY FRE', 'CHECK OUT THE NEW FINANCIAL TOOL, WHICH CAN MAKE YOU RICH. \r\n------> <A HREF=HTTP://THANKFULHANNL.HEROCRYPTOS.CN/>THANKFULHANNL.GERONMONET.CN</A> \r\n------>   DEFEATEDEAFEE.HEROCRYPTOS.CN', 'WEBSITE USER', '2021-08-26 17:23:19', 'NO', NULL, NULL, NULL, 1003, NULL),
(21, 'MIKE JONES\r\n', '', 'HELENSANTANA7162@GMAIL.COM\r\n', 'LOCAL SEO FOR MORE BUSINESS', 'HI \r\n \r\nWE WILL ENHANCE YOUR LOCAL RANKS ORGANICALLY AND SAFELY, USING ONLY WHITEHAT METHODS, WHILE PROVIDING GOOGLE MAPS AND WEBSITE OFFSITE WORK AT THE SAME TIME. \r\n \r\nPLEASE CHECK OUR SERVICES BELOW, WE OFFER LOCAL SEO AT CHEAP RATES. \r\nHTTPS://SPEED-SEO.NET/PRODUCT/LOCAL-SEO-PACKAGE/ \r\n \r\nNEW: \r\nHTTPS://WWW.SPEED-SEO.NET/PRODUCT/ZIP-CODES-GMAPS-CITATIONS/ \r\n \r\nREGARDS \r\nMIKE JONES\r\n \r\nSPEED SEO DIGITAL AGENCY', 'WEBSITE USER', '2021-08-27 23:13:46', 'NO', NULL, NULL, NULL, 1003, NULL),
(22, 'GABRIEL ANGELO', '', 'GAFINANC.I.ER@GMAIL.COM', 'PROJECT/BUSINESS FINANCING', 'DEAR ENTREPRENEUR, \r\n \r\nI\'M GABRIEL ANGELO, MY COMPANY CAN BRIDGE FUNDS FOR YOUR NEW OR ONGOING BUSINESS. DO LET ME KNOW WHEN YOU RECEIVE THIS MESSAGE FOR FURTHER PROCEDURE. \r\n \r\nWE ALSO PAY 1% COMMISSION TO BROKERS AND FRIENDS WHO INTRODUCE PROJECT OWNERS FOR FINANCE OR OTHER OPPORTUNITIES. \r\n \r\nYOU CAN REACH ME DIRECTLY USING THIS EMAIL ADDRESS: GABRIEL_ANGELO@NESTALCONSULTANTS.COM \r\n \r\nREGARDS, \r\nGABRIEL ANGELO', 'WEBSITE USER', '2021-08-29 15:34:05', 'NO', NULL, NULL, NULL, 1003, NULL),
(23, 'MIKE CHARLSON\r\n', '', 'NO-REPLYEMONUTH@GMAIL.COM', 'CHEAP MONTHLY SEO PLANS', 'HELLO \r\n \r\nI HAVE JUST CHECKED  FITKONNECT.COM FOR  THE CURRENT SEARCH VISIBILITY AND SAW THAT YOUR WEBSITE COULD USE A BOOST. \r\n \r\nWE WILL ENHANCE YOUR SEO METRICS AND RANKS ORGANICALLY AND SAFELY, USING ONLY WHITEHAT METHODS, WHILE PROVIDING MONTHLY REPORTS AND OUTSTANDING SUPPORT. \r\n \r\nPLEASE CHECK OUR PRICELIST HERE, WE OFFER SEO AT CHEAP RATES. \r\nHTTPS://WWW.HILKOM-DIGITAL.DE/CHEAP-SEO-PACKAGES/ \r\n \r\nSTART INCREASING YOUR SALES AND LEADS WITH US, TODAY! \r\n \r\nREGARDS \r\nMIKE CHARLSON\r\n \r\nHILKOM DIGITAL TEAM \r\nSUPPORT@HILKOM-DIGITAL.DE', 'WEBSITE USER', '2021-09-04 05:29:44', 'NO', NULL, NULL, NULL, 1003, NULL),
(24, 'AIMEE', '917-722-6214', 'MCGUIRK.AIMEE@GMAIL.COM', 'AIMEE MCGUIRK', 'HELLO THERE \r\n\r\n50% OFF!! HURRY TO GET YOUR BASEBALL CAP NOW!\r\n\r\nTHESE CAPS ARE SO COOL! PERFECT FOR THIS SUMMER!\r\n\r\nFREE WORLDWIDE SHIPPING!\r\n\r\nGET IT HERE: CAPSHOP.ONLINE\r\n\r\nALL THE BEST, \r\n \r\nAIMEE', 'WEBSITE USER', '2021-09-04 12:07:55', 'NO', NULL, NULL, NULL, 1003, NULL),
(25, 'EMELY', '0496 42 11 78', 'DILLION.EMELY@HOTMAIL.COM', 'EMELY DILLION', 'COLOR-CHANGING SWIMSHORTS \r\n\r\nDIVE INTO THE OCEAN AND YOUR SWIMSHORTS SUDDENLY CHANGE COLOR! THESE SWIMSHORTS ARA AMAZING!\r\n\r\nHURRY! 50% OFF WORLDWIDE FOR LIMITED TIME ONLY!\r\n\r\nGET IT HERE: COOLSHORTS.ONLINE\r\n\r\nTHANK YOU, \r\n\r\nEMELY', 'WEBSITE USER', '2021-09-07 00:57:32', 'NO', NULL, NULL, NULL, 1003, NULL),
(26, 'KATHLENE', '078 7798 0330', 'DANKS.KATHLENE@YAHOO.COM', 'KATHLENE DANKS', 'HEY THERE\r\n\r\nYOU NEED A PAIR OF QUICK DRY BEACH SHOES, GOING OUT SHOES, GOING OUT OUT SHOES, TRAINERS, A SPARE PAIR OF TRAINERS IN CASE IT RAINS...\r\n\r\nACT NOW AND RECEIVE A SPECIAL DISCOUNT FOR OUR QUICK DRY BEACH SHOES!\r\n\r\nGET YOURS HERE:  TONATURE.ONLINE\r\n\r\nTO YOUR SUCCESS, \r\n \r\nKATHLENE', 'WEBSITE USER', '2021-09-10 19:44:32', 'NO', NULL, NULL, NULL, 1003, NULL),
(27, 'CRISTINA', '06211 88 47 32', 'CRISTINA.WENTCHER@MSN.COM', 'CRISTINA WENTCHER', 'GOOD MORNING\r\n\r\nBUY MEDICAL DISPOSABLE FACE MASK TO PROTECT YOUR LOVED ONES FROM THE DEADLY CORONAVIRUS.  THE PRICE IS $0.28 EACH.  IF INTERESTED, PLEASE VISIT OUR SITE: PHARMACYOUTLETS.ONLINE\r\n\r\nMANY THANKS,\r\n\r\nCRISTINA', 'WEBSITE USER', '2021-09-13 21:37:17', 'NO', NULL, NULL, NULL, 1003, NULL),
(28, 'MIKE SYKES\r\n', '', 'NO-REPLYEMONUTH@GMAIL.COM', 'INCREASE SALES FOR FITKONNECT.COM', 'HI THERE \r\n \r\nDO YOU WANT A QUICK BOOST IN RANKS AND SALES FOR YOUR FITKONNECT.COM WEBSITE? \r\nHAVING A HIGH DA SCORE, ALWAYS HELPS \r\n \r\nGET YOUR FITKONNECT.COM TO HAVE A DA BETWEEN 50 TO 60 POINTS IN MOZ WITH US TODAY AND REAP THE BENEFITS OF SUCH A GREAT FEAT. \r\n \r\nSEE OUR OFFERS HERE: \r\nHTTPS://WWW.MONKEYDIGITAL.CO/PRODUCT/MOZ-DA50-SEO-PLAN/ \r\n \r\nNEW: \r\nHTTPS://WWW.MONKEYDIGITAL.CO/PRODUCT/AHREFS-DR60/ \r\n \r\n \r\nTHANK YOU \r\nMIKE SYKES\r\n \r\nSUPPORT@MONKEYDIGITAL.CO', 'WEBSITE USER', '2021-09-14 06:22:24', 'NO', NULL, NULL, NULL, 1003, NULL),
(29, 'BIANCA', '05.03.67.91.93', 'INFO@FITKONNECT.COM', 'FITKONNECT.COM', 'HI \r\n \r\nCAREDOGBESTâ„¢ - PERSONALIZED DOG HARNESS. ALL SIZES FROM XS TO XXL.  EASY ON/OFF IN JUST 2 SECONDS.  LIFETIME WARRANTY.\r\n\r\nCLICK HERE: CAREDOGBEST.COM\r\n \r\nTHE BEST, \r\n \r\nBIANCA\r\nFITKONNECT KE | CONTACT US', 'WEBSITE USER', '2021-09-16 15:26:26', 'NO', NULL, NULL, NULL, 1003, NULL);

-- --------------------------------------------------------

--
-- Table structure for table `iq_points`
--

CREATE TABLE `iq_points` (
  `count` int(11) NOT NULL,
  `user_id` int(11) NOT NULL,
  `transaction_id` varchar(50) NOT NULL,
  `transaction_type` int(11) NOT NULL,
  `points` int(11) NOT NULL,
  `status` int(8) NOT NULL DEFAULT '1006'
) ENGINE=MyISAM DEFAULT CHARSET=latin1;

--
-- Dumping data for table `iq_points`
--

INSERT INTO `iq_points` (`count`, `user_id`, `transaction_id`, `transaction_type`, `points`, `status`) VALUES
(1, 1, 'BFCDB485692EFB3A9CDBA4A3B09503C9', 2, 480, 1011),
(2, 1, '23F4951A147883BDBE2B5D4946EEBDE3', 2, 880, 1011),
(3, 1, '973C34329BEAE963FB281C057565CA82', 2, 560, 1011),
(4, 1, 'CA8F7A3ECF463CFAEEFEE88B0195D9F0', 2, 480, 1011),
(5, 1, '6686727B45AB3D685D6B3AFA6C4DC6FD', 2, 480, 1011),
(6, 1, '3AC816216D137C03DA04B5C36677965D', 2, 480, 1011),
(7, 1, '773EBBEC136A4721A5B31F36CF6252AA', 2, 480, 1011),
(8, 1, '148F97E8984089F82AA9B6ECD911CEE0', 2, 480, 1011),
(9, 1, 'E499C9E8633D25B54E9ABFE4D21F2FBC', 2, 480, 1011),
(10, 1, 'D151C579067A90C61EB42DB605340181', 2, 480, 1011),
(11, 1, '16D55971AB1F10361694D1724010D9CD', 2, 480, 1011),
(12, 1, '2A42941AD4D81AE63BA4EFA8EAB7B69D', 2, 480, 1011),
(13, 1, 'BA456C40AAA9D180E6F078E2CEDD5A41', 2, 480, 1011),
(14, 1, 'F70B8B3B80D79E66078130F4A5C50247', 2, 480, 1011),
(15, 1, '11BAEDDB448A6F3811771164A24E29ED', 2, 480, 1011),
(16, 6, '3F21583C0DD88C3AE423DFE20E524BFF', 2, 640, 1011),
(17, 1, '142A271A15637C4FCCFA509A23426BC2', 2, 480, 1011),
(18, 1, 'FC14D6CB442E440136D002F962708282', 2, 2000, 1006),
(19, 1, '77032BD42B36326AD0480D530522C9E8', 2, 2000, 1006);

-- --------------------------------------------------------

--
-- Table structure for table `lessons`
--

CREATE TABLE `lessons` (
  `id` int(11) NOT NULL,
  `name` varchar(200) NOT NULL,
  `description` varchar(1000) NOT NULL,
  `category` varchar(11) NOT NULL DEFAULT 'N/A',
  `start_time` varchar(20) NOT NULL DEFAULT 'N/A',
  `end_time` varchar(20) NOT NULL DEFAULT 'N/A',
  `training_facility` varchar(11) NOT NULL DEFAULT 'N/A',
  `price` double DEFAULT NULL,
  `capacity` varchar(11) NOT NULL DEFAULT 'N/A',
  `current_population` varchar(11) NOT NULL DEFAULT 'N/A',
  `status` int(8) NOT NULL DEFAULT '1001',
  `createdat` datetime NOT NULL DEFAULT CURRENT_TIMESTAMP,
  `createdby` varchar(30) NOT NULL,
  `authorizedat` datetime DEFAULT NULL,
  `authorizedby` varchar(30) DEFAULT NULL,
  `lastmodifiedat` datetime NOT NULL DEFAULT CURRENT_TIMESTAMP,
  `lastmodifiedby` varchar(30) NOT NULL
) ENGINE=MyISAM DEFAULT CHARSET=latin1;

--
-- Dumping data for table `lessons`
--

INSERT INTO `lessons` (`id`, `name`, `description`, `category`, `start_time`, `end_time`, `training_facility`, `price`, `capacity`, `current_population`, `status`, `createdat`, `createdby`, `authorizedat`, `authorizedby`, `lastmodifiedat`, `lastmodifiedby`) VALUES
(1, 'LEARN TO SWIM', '10 SESSIONS;2 WEEKS - 1 MONTH', 'N/A', 'N/A', 'N/A', 'N/A', 12500, 'N/A', 'N/A', 1001, '2018-07-01 16:34:05', '1', NULL, NULL, '2018-09-30 11:26:07', '1'),
(2, 'COMPETITIVE SWIMMING', '1 MONTH', 'N/A', 'N/A', 'N/A', 'N/A', 12500, 'N/A', 'N/A', 9, '2018-07-01 16:36:32', '1', NULL, NULL, '2018-07-20 07:05:28', '1'),
(3, 'AEROBICS', '10 SESSIONS;1 MONTH', 'N/A', 'N/A', 'N/A', 'N/A', 12500, 'N/A', 'N/A', 9, '2018-07-01 16:38:43', '1', NULL, NULL, '2018-07-01 16:38:43', '1'),
(4, 'WATER AEROBICS', '10 SESSIONS;1 MONTH', 'N/A', 'N/A', 'N/A', 'N/A', 12500, 'N/A', 'N/A', 9, '2018-07-01 16:40:15', '1', NULL, NULL, '2018-07-01 16:40:15', '1'),
(5, 'LIFESAVING', '6 MONTHS', 'N/A', 'N/A', 'N/A', 'N/A', 30000, 'N/A', 'N/A', 9, '2018-09-30 14:40:33', '1', NULL, NULL, '2018-09-30 14:40:33', '1'),
(6, 'PERSONAL FITNESS TRAINING', '10 SESSIONS;1 MONTH', 'N/A', 'N/A', 'N/A', 'N/A', 12500, 'N/A', 'N/A', 9, '2018-09-30 14:43:19', '1', NULL, NULL, '2018-09-30 14:43:19', '1'),
(7, 'GYM INSTRUCTOR SERVICES', '10 SESSIONS;1 MONTH', 'N/A', 'N/A', 'N/A', 'N/A', 12500, 'N/A', 'N/A', 9, '2018-09-30 14:44:20', '1', NULL, NULL, '2018-09-30 14:44:20', '1'),
(8, 'TEAM BUILDING', ' BOOKING DEPOSIT', 'N/A', 'N/A', 'N/A', 'N/A', 10000, 'N/A', 'N/A', 9, '2018-09-30 14:45:27', '1', NULL, NULL, '2018-09-30 14:45:27', '1'),
(9, 'HIGH PERFORMANCE SPORTS COACHING', '1 MONTH', 'N/A', 'N/A', 'N/A', 'N/A', 12500, 'N/A', 'N/A', 9, '2018-09-30 14:47:49', '1', NULL, NULL, '2018-09-30 14:47:49', '1'),
(10, 'PRIVATE FUNCTION LIFE-GUARDING', '8 HOURS', 'N/A', 'N/A', 'N/A', 'N/A', 5000, 'N/A', 'N/A', 9, '2018-09-30 14:48:31', '1', NULL, NULL, '2018-09-30 14:48:31', '1'),
(11, 'POOL MAINTENANCE', '1 MONTH', 'N/A', 'N/A', 'N/A', 'N/A', 20000, 'N/A', 'N/A', 9, '2018-09-30 14:49:04', '1', NULL, NULL, '2018-09-30 14:49:04', '1'),
(12, 'LIFE GUARDING', '1 MONTH', 'N/A', 'N/A', 'N/A', 'N/A', 25000, 'N/A', 'N/A', 9, '2018-09-30 14:49:46', '1', NULL, NULL, '2018-09-30 14:49:46', '1'),
(13, 'CORPORATE WELLNESS AND FITNESS PROGRAMS', 'BOOKING DEPOSIT', 'N/A', 'N/A', 'N/A', 'N/A', 10000, 'N/A', 'N/A', 9, '2018-09-30 14:50:43', '1', NULL, NULL, '2018-09-30 14:50:43', '1'),
(14, 'CORPORATE OUTDOOR & INDOOR SPORTING EVENTS', 'ORGANIZING AND EXECUTION;BOOKING DEPOSIT', 'N/A', 'N/A', 'N/A', 'N/A', 10000, 'N/A', 'N/A', 9, '2018-09-30 14:52:27', '1', NULL, NULL, '2018-09-30 14:52:27', '1'),
(15, 'FITNESS GEAR & ACCESSORIES', 'FITNESS GEAR & ACCESSORIES', 'N/A', 'N/A', 'N/A', 'N/A', NULL, 'N/A', 'N/A', 9, '2018-09-30 15:00:07', '1', NULL, NULL, '2018-09-30 15:00:07', '1');

-- --------------------------------------------------------

--
-- Table structure for table `lesson_categories`
--

CREATE TABLE `lesson_categories` (
  `id` int(11) NOT NULL,
  `name` varchar(30) NOT NULL,
  `status` int(8) NOT NULL DEFAULT '1001',
  `createdat` datetime NOT NULL DEFAULT CURRENT_TIMESTAMP,
  `createdby` varchar(30) NOT NULL,
  `lastmodifiedat` datetime NOT NULL DEFAULT CURRENT_TIMESTAMP,
  `lastmodifiedby` varchar(30) NOT NULL
) ENGINE=MyISAM DEFAULT CHARSET=latin1;

--
-- Dumping data for table `lesson_categories`
--

INSERT INTO `lesson_categories` (`id`, `name`, `status`, `createdat`, `createdby`, `lastmodifiedat`, `lastmodifiedby`) VALUES
(1, 'FOUNDATION LEVEL 1', 1009, '2018-03-29 22:04:37', '1', '2018-07-11 03:03:37', '1'),
(2, 'GYMNASTICS', 1001, '2018-03-29 22:05:24', '1', '2018-07-17 18:52:51', '1'),
(3, 'WEIGHT LIFTING', 1001, '2018-06-21 15:34:55', '1', '2018-06-21 15:34:55', '1'),
(4, 'FOUNDATION LEVEL 2', 1001, '2018-06-21 16:01:24', '1', '2018-06-21 16:01:24', '1'),
(5, 'ADVANCED LEVEL 1', 1001, '2018-06-21 16:01:43', '1', '2018-06-21 16:01:43', '1'),
(6, 'ADVANCED LEVEL 2', 1001, '2018-06-21 16:02:24', '1', '2018-06-21 16:02:24', '1'),
(7, 'CLUB LEVEL', 1001, '2018-06-21 16:02:36', '1', '2018-06-21 16:02:36', '1');

-- --------------------------------------------------------

--
-- Table structure for table `mpesa_response`
--

CREATE TABLE `mpesa_response` (
  `id` int(11) NOT NULL,
  `response` varchar(1000) NOT NULL
) ENGINE=MyISAM DEFAULT CHARSET=latin1;

--
-- Dumping data for table `mpesa_response`
--

INSERT INTO `mpesa_response` (`id`, `response`) VALUES
(1, 'Array'),
(2, '{\"Peter\":\"35\",\"Ben\":\"37\",\"Joe\":\"43\"}'),
(3, 'service_name=, business_number=, transaction_type=, internal_transaction_id=, transaction_timestamp=');

-- --------------------------------------------------------

--
-- Table structure for table `payment_transactions`
--

CREATE TABLE `payment_transactions` (
  `count` int(11) NOT NULL,
  `transaction_id` varchar(50) DEFAULT NULL,
  `source` varchar(30) NOT NULL,
  `transaction_type` varchar(40) DEFAULT NULL,
  `transaction_reference` varchar(40) DEFAULT NULL,
  `transaction_time` varchar(40) DEFAULT NULL,
  `transaction_amount` double DEFAULT NULL,
  `business_short_code` varchar(15) DEFAULT NULL,
  `bill_ref_number` varchar(40) DEFAULT NULL,
  `invoice_number` varchar(40) DEFAULT NULL,
  `third_party_trans_id` varchar(40) DEFAULT NULL,
  `phone_number` varchar(20) DEFAULT NULL,
  `firstname` varchar(30) DEFAULT NULL,
  `middlename` varchar(30) DEFAULT NULL,
  `lastname` varchar(30) DEFAULT NULL,
  `status` int(8) NOT NULL DEFAULT '2004',
  `createdat` datetime NOT NULL DEFAULT CURRENT_TIMESTAMP,
  `account_balance` double DEFAULT NULL
) ENGINE=MyISAM DEFAULT CHARSET=latin1;

--
-- Dumping data for table `payment_transactions`
--

INSERT INTO `payment_transactions` (`count`, `transaction_id`, `source`, `transaction_type`, `transaction_reference`, `transaction_time`, `transaction_amount`, `business_short_code`, `bill_ref_number`, `invoice_number`, `third_party_trans_id`, `phone_number`, `firstname`, `middlename`, `lastname`, `status`, `createdat`, `account_balance`) VALUES
(1, '77032BD42B36326AD0480D530522C9E8', 'M-PESA', 'buygoods', 'MF53SI5MDH', '2018-06-05T16:59:32Z', 10, '549117', NULL, NULL, '32536532', '+254710534013', 'MAURICE', '', 'MUGENI', 2005, '2018-06-05 19:59:36', NULL),
(2, '2C29B35B2A41EC2DE15CA4FDEBEFE9C9', 'M-PESA', 'buygoods', 'MF58SIEKDA', '2018-06-05T17:07:27Z', 10, '549117', NULL, NULL, '32537608', '+254710534013', 'MAURICE', '', 'MUGENI', 2005, '2018-06-05 20:07:30', NULL);

-- --------------------------------------------------------

--
-- Table structure for table `redeemable_items`
--

CREATE TABLE `redeemable_items` (
  `id` int(11) NOT NULL,
  `name` varchar(100) NOT NULL,
  `description` varchar(500) NOT NULL,
  `category` varchar(11) NOT NULL DEFAULT 'N/A',
  `points_value` double NOT NULL,
  `status` int(8) NOT NULL DEFAULT '1001',
  `createdat` datetime NOT NULL DEFAULT CURRENT_TIMESTAMP,
  `createdby` varchar(30) NOT NULL,
  `lastmodifiedat` datetime NOT NULL DEFAULT CURRENT_TIMESTAMP,
  `lastmodifiedby` varchar(30) NOT NULL
) ENGINE=MyISAM DEFAULT CHARSET=latin1;

-- --------------------------------------------------------

--
-- Table structure for table `role_privileges`
--

CREATE TABLE `role_privileges` (
  `id` int(11) NOT NULL,
  `role` int(11) NOT NULL,
  `privilege` int(11) NOT NULL,
  `status` int(8) NOT NULL DEFAULT '1001',
  `createdat` datetime NOT NULL DEFAULT CURRENT_TIMESTAMP,
  `createdby` varchar(30) NOT NULL,
  `lastmodifiedat` datetime NOT NULL DEFAULT CURRENT_TIMESTAMP,
  `lastmodifiedby` varchar(30) NOT NULL
) ENGINE=MyISAM DEFAULT CHARSET=latin1;

-- --------------------------------------------------------

--
-- Table structure for table `sms_log`
--

CREATE TABLE `sms_log` (
  `id` int(11) NOT NULL,
  `phone_number` varchar(20) NOT NULL,
  `network` varchar(30) DEFAULT NULL,
  `smsclientid` varchar(30) DEFAULT NULL,
  `messageid` varchar(30) DEFAULT NULL,
  `message` varchar(500) DEFAULT NULL,
  `error_code` varchar(30) DEFAULT NULL,
  `error_description` varchar(500) DEFAULT NULL,
  `error_action` varchar(30) DEFAULT NULL,
  `type` varchar(10) NOT NULL DEFAULT 'INBOX',
  `type_description` varchar(30) DEFAULT NULL,
  `createdat` datetime NOT NULL DEFAULT CURRENT_TIMESTAMP,
  `timestamp` varchar(20) DEFAULT NULL
) ENGINE=MyISAM DEFAULT CHARSET=latin1;

--
-- Dumping data for table `sms_log`
--

INSERT INTO `sms_log` (`id`, `phone_number`, `network`, `smsclientid`, `messageid`, `message`, `error_code`, `error_description`, `error_action`, `type`, `type_description`, `createdat`, `timestamp`) VALUES
(1, '+254710534013', NULL, '361069441', '671842861', NULL, NULL, NULL, NULL, 'OUTBOX', NULL, '2018-05-06 19:46:51', NULL),
(2, '+254710534013', NULL, '397660965', '671846419', NULL, NULL, NULL, NULL, 'OUTBOX', NULL, '2018-05-06 22:48:35', NULL),
(3, '+254710534013', NULL, '586118944', '671846435', NULL, NULL, NULL, NULL, 'OUTBOX', NULL, '2018-05-06 23:09:30', NULL),
(4, '+254729262072', NULL, '1564800718', '671846439', NULL, NULL, NULL, NULL, 'OUTBOX', NULL, '2018-05-06 23:11:49', NULL),
(5, '+254710534013', NULL, '1435479091', '671846533', NULL, NULL, NULL, NULL, 'OUTBOX', NULL, '2018-05-06 23:49:34', NULL),
(6, '+254710534013', NULL, '169696410', '671846544', NULL, NULL, NULL, NULL, 'OUTBOX', NULL, '2018-05-06 23:55:56', NULL),
(7, '+254710534013', NULL, '1418103193', '671846545', NULL, NULL, NULL, NULL, 'OUTBOX', NULL, '2018-05-06 23:55:56', NULL),
(8, '+254710534013', NULL, '908960007', '672010336', NULL, NULL, NULL, NULL, 'OUTBOX', NULL, '2018-05-07 18:58:29', NULL),
(9, '+254710534013', NULL, '1957285698', '672013255', NULL, NULL, NULL, NULL, 'OUTBOX', NULL, '2018-05-07 19:02:57', NULL),
(10, '+254710534013', NULL, '35145476', '672013263', NULL, NULL, NULL, NULL, 'OUTBOX', NULL, '2018-05-07 19:06:33', NULL),
(11, '+254710534013', NULL, '1490037662', '672014929', NULL, NULL, NULL, NULL, 'OUTBOX', NULL, '2018-05-07 23:41:59', NULL),
(12, '+254710534013', NULL, '169707591', '672014930', NULL, NULL, NULL, NULL, 'OUTBOX', NULL, '2018-05-07 23:42:00', NULL),
(13, '+254710534013', NULL, '1223959644', '672014931', NULL, NULL, NULL, NULL, 'OUTBOX', NULL, '2018-05-07 23:43:04', NULL),
(14, '+254710534013', NULL, '142127132', '672014932', NULL, NULL, NULL, NULL, 'OUTBOX', NULL, '2018-05-07 23:43:05', NULL),
(15, '+254710534013', NULL, '94198185', '672014933', NULL, NULL, NULL, NULL, 'OUTBOX', NULL, '2018-05-07 23:43:52', NULL),
(16, '+254710534013', NULL, '790178004', '672014935', NULL, NULL, NULL, NULL, 'OUTBOX', NULL, '2018-05-07 23:45:36', NULL),
(17, '+254710534013', NULL, '887012245', '672043581', NULL, NULL, NULL, NULL, 'OUTBOX', NULL, '2018-05-08 11:27:06', NULL),
(18, '+254710534013', NULL, '1082306311', '672043582', NULL, NULL, NULL, NULL, 'OUTBOX', NULL, '2018-05-08 11:27:07', NULL),
(19, '+254710534013', NULL, '32033254', '672043585', NULL, NULL, NULL, NULL, 'OUTBOX', NULL, '2018-05-08 11:27:08', NULL),
(20, '+254710534013', NULL, '413383531', '672046129', NULL, NULL, NULL, NULL, 'OUTBOX', NULL, '2018-05-08 11:37:10', NULL),
(21, '+254710534013', NULL, '757376887', '672046130', NULL, NULL, NULL, NULL, 'OUTBOX', NULL, '2018-05-08 11:37:11', NULL),
(22, '+254710534013', NULL, '999076204', '672048680', NULL, NULL, NULL, NULL, 'OUTBOX', NULL, '2018-05-08 11:50:57', NULL),
(23, '+254710534013', NULL, '29220027', '672137353', NULL, NULL, NULL, NULL, 'OUTBOX', NULL, '2018-05-08 16:44:48', NULL),
(24, '+254715637922', NULL, '1244613650', '672137354', NULL, NULL, NULL, NULL, 'OUTBOX', NULL, '2018-05-08 16:44:49', NULL),
(25, '+254710534013', NULL, '156039231', '672488968', NULL, NULL, NULL, NULL, 'OUTBOX', NULL, '2018-05-10 12:52:27', NULL),
(26, '+254710534013', NULL, '637974201', '672488969', NULL, NULL, NULL, NULL, 'OUTBOX', NULL, '2018-05-10 12:52:28', NULL),
(27, '+254710534013', NULL, '202087811', '672498552', NULL, NULL, NULL, NULL, 'OUTBOX', NULL, '2018-05-10 13:47:38', NULL),
(28, '+254710534013', NULL, '2071380492', '672498553', NULL, NULL, NULL, NULL, 'OUTBOX', NULL, '2018-05-10 13:47:39', NULL),
(29, '+254710534013', NULL, '1957004073', '672551815', NULL, NULL, NULL, NULL, 'OUTBOX', NULL, '2018-05-10 16:41:31', NULL),
(30, '+254710534013', NULL, '1921089876', '672551816', NULL, NULL, NULL, NULL, 'OUTBOX', NULL, '2018-05-10 16:41:32', NULL),
(31, '+254710534013', NULL, '73512979', '672551836', NULL, NULL, NULL, NULL, 'OUTBOX', NULL, '2018-05-10 16:42:59', NULL),
(32, '+254710534013', NULL, '6589499', '672551837', NULL, NULL, NULL, NULL, 'OUTBOX', NULL, '2018-05-10 16:43:00', NULL),
(33, '+254710534013', NULL, '389056410', '672552169', NULL, NULL, NULL, NULL, 'OUTBOX', NULL, '2018-05-10 16:48:02', NULL),
(34, '+254710534013', NULL, '176437710', '672552172', NULL, NULL, NULL, NULL, 'OUTBOX', NULL, '2018-05-10 16:48:04', NULL),
(35, '+254710534013', NULL, '1387771771', '672552967', NULL, NULL, NULL, NULL, 'OUTBOX', NULL, '2018-05-10 16:51:22', NULL),
(36, '+254710534013', NULL, '815143671', '672552968', NULL, NULL, NULL, NULL, 'OUTBOX', NULL, '2018-05-10 16:51:23', NULL),
(37, '+254710534013', NULL, '1836862090', '672552972', NULL, NULL, NULL, NULL, 'OUTBOX', NULL, '2018-05-10 16:51:52', NULL),
(38, '+254710534013', NULL, '1227655192', '672552973', NULL, NULL, NULL, NULL, 'OUTBOX', NULL, '2018-05-10 16:51:54', NULL),
(39, '+254710534013', NULL, '0', NULL, NULL, '-10006', 'Enter mobile no or Select group', '1', 'OUTBOX', NULL, '2018-05-10 16:51:55', NULL),
(40, '+254710534013', NULL, '711412228', '672552975', NULL, NULL, NULL, NULL, 'OUTBOX', NULL, '2018-05-10 16:51:55', NULL),
(41, '+254710534013', NULL, '163898267', '672552976', NULL, NULL, NULL, NULL, 'OUTBOX', NULL, '2018-05-10 16:51:56', NULL),
(42, '+254710534013', NULL, '2100631491', '672553751', NULL, NULL, NULL, NULL, 'OUTBOX', NULL, '2018-05-10 16:56:38', NULL),
(43, '+254710534013', NULL, '1678485155', '672553752', NULL, NULL, NULL, NULL, 'OUTBOX', NULL, '2018-05-10 16:56:39', NULL),
(44, '+254710534013', NULL, '2074732768', '672553753', NULL, NULL, NULL, NULL, 'OUTBOX', NULL, '2018-05-10 16:56:40', NULL),
(45, '+254710534013', NULL, '1956683272', '672553754', NULL, NULL, NULL, NULL, 'OUTBOX', NULL, '2018-05-10 16:56:41', NULL),
(46, '+254710534013', NULL, '276054639', '672553755', NULL, NULL, NULL, NULL, 'OUTBOX', NULL, '2018-05-10 16:56:41', NULL),
(47, '+254710534013', NULL, '2083360775', '672553887', NULL, NULL, NULL, NULL, 'OUTBOX', NULL, '2018-05-10 16:59:28', NULL),
(48, '+254710534013', NULL, '1521162311', '672553990', NULL, NULL, NULL, NULL, 'OUTBOX', NULL, '2018-05-10 16:59:29', NULL),
(49, '+254710534013', NULL, '884845777', '672555306', NULL, NULL, NULL, NULL, 'OUTBOX', NULL, '2018-05-10 17:06:18', NULL),
(50, '+254710534013', NULL, '1360078847', '672555307', NULL, NULL, NULL, NULL, 'OUTBOX', NULL, '2018-05-10 17:06:20', NULL),
(51, '+254710534013', NULL, '2083105321', '672555335', NULL, NULL, NULL, NULL, 'OUTBOX', NULL, '2018-05-10 17:08:13', NULL),
(52, '+254710534013', NULL, '265287325', '672555336', NULL, NULL, NULL, NULL, 'OUTBOX', NULL, '2018-05-10 17:08:14', NULL),
(53, '+254710534013', NULL, '1947566243', '672555337', NULL, NULL, NULL, NULL, 'OUTBOX', NULL, '2018-05-10 17:08:15', NULL),
(54, '+254710534013', NULL, '1228462165', '672555338', NULL, NULL, NULL, NULL, 'OUTBOX', NULL, '2018-05-10 17:08:16', NULL),
(55, '+254710534013', NULL, '1933186344', '672555339', NULL, NULL, NULL, NULL, 'OUTBOX', NULL, '2018-05-10 17:08:16', NULL),
(56, '+254710534013', NULL, '2034564273', '672555390', NULL, NULL, NULL, NULL, 'OUTBOX', NULL, '2018-05-10 17:15:20', NULL),
(57, '+254710534013', NULL, '1182859773', '672555391', NULL, NULL, NULL, NULL, 'OUTBOX', NULL, '2018-05-10 17:15:21', NULL),
(58, '+254710534013', NULL, '501120469', '672555392', NULL, NULL, NULL, NULL, 'OUTBOX', NULL, '2018-05-10 17:15:22', NULL),
(59, '+254710534013', NULL, '1678102687', '672555393', NULL, NULL, NULL, NULL, 'OUTBOX', NULL, '2018-05-10 17:15:22', NULL),
(60, '+254710534013', NULL, '1664640420', '672555394', NULL, NULL, NULL, NULL, 'OUTBOX', NULL, '2018-05-10 17:15:23', NULL),
(61, '+254710534013', NULL, '1210818904', '672555395', NULL, NULL, NULL, NULL, 'OUTBOX', NULL, '2018-05-10 17:15:24', NULL),
(62, '+254710534013', NULL, '743199614', '672555396', NULL, NULL, NULL, NULL, 'OUTBOX', NULL, '2018-05-10 17:15:25', NULL),
(63, '+254710534013', NULL, '1646994323', '672562508', NULL, NULL, NULL, NULL, 'OUTBOX', NULL, '2018-05-10 17:32:42', NULL),
(64, '+254710534013', NULL, '178192795', '672562509', NULL, NULL, NULL, NULL, 'OUTBOX', NULL, '2018-05-10 17:32:43', NULL),
(65, '+254710534013', NULL, '1143412408', '672570433', NULL, NULL, NULL, NULL, 'OUTBOX', NULL, '2018-05-10 20:20:07', NULL),
(66, '+254710534013', NULL, '1645718068', '672570436', NULL, NULL, NULL, NULL, 'OUTBOX', NULL, '2018-05-10 20:20:07', NULL),
(67, '+254710534013', NULL, '1688598953', '672570442', NULL, NULL, NULL, NULL, 'OUTBOX', NULL, '2018-05-10 20:21:06', NULL),
(68, '+254710534013', NULL, '165117670', '672570443', NULL, NULL, NULL, NULL, 'OUTBOX', NULL, '2018-05-10 20:21:07', NULL),
(69, '+254710534013', NULL, '1671270538', '672576976', NULL, NULL, NULL, NULL, 'OUTBOX', NULL, '2018-05-11 06:38:09', NULL),
(70, '+254710534013', NULL, '1998973271', '672576977', NULL, NULL, NULL, NULL, 'OUTBOX', NULL, '2018-05-11 06:38:10', NULL),
(71, '+254710534013', NULL, '235318521', '672576992', NULL, NULL, NULL, NULL, 'OUTBOX', NULL, '2018-05-11 06:44:46', NULL),
(72, '+254710534013', NULL, '547468947', '672576993', NULL, NULL, NULL, NULL, 'OUTBOX', NULL, '2018-05-11 06:44:47', NULL),
(73, '+254710534013', NULL, '1787054708', '672586219', NULL, NULL, NULL, NULL, 'OUTBOX', NULL, '2018-05-11 09:22:07', NULL),
(74, '+254710534013', NULL, '1863188538', '672586220', NULL, NULL, NULL, NULL, 'OUTBOX', NULL, '2018-05-11 09:22:08', NULL),
(75, '+254710534013', NULL, '1623028603', '672586273', NULL, NULL, NULL, NULL, 'OUTBOX', NULL, '2018-05-11 09:26:57', NULL),
(76, '+254710534013', NULL, '1920996004', '672586274', NULL, NULL, NULL, NULL, 'OUTBOX', NULL, '2018-05-11 09:26:58', NULL),
(77, '254710534013', 'Saf', NULL, NULL, 'TESTSMS:LESSON ASSIGNMENT,DECLINE49', NULL, NULL, NULL, 'SHORTCODE', '21211', '2018-05-11 11:44:34', '20180509181717'),
(78, '+254710534013', NULL, '295576462', '672729082', NULL, NULL, NULL, NULL, 'OUTBOX', NULL, '2018-05-11 11:44:39', NULL),
(79, '254710534013', 'Saf', NULL, NULL, 'TESTSMS:LESSON ASSIGNMENT,DECLINE49', NULL, NULL, NULL, 'SHORTCODE', '21211', '2018-05-11 11:49:20', '20180509181717'),
(80, '254710534013', 'Saf', NULL, NULL, 'TESTSMS:LESSON ASSIGNMENT,DECLINE49', NULL, NULL, NULL, 'SHORTCODE', '21211', '2018-05-11 11:53:49', '20180509181717'),
(81, '254710534013', 'Saf', NULL, NULL, 'TESTSMS:LESSON ASSIGNMENT,DECLINE49', NULL, NULL, NULL, 'SHORTCODE', '21211', '2018-05-11 11:54:02', '20180509181717'),
(82, '254710534013', 'Saf', NULL, NULL, 'TESTSMS:LESSON ASSIGNMENT,DECLINE49', NULL, NULL, NULL, 'SHORTCODE', '21211', '2018-05-11 11:56:18', '20180509181717'),
(83, '254710534013', 'Saf', NULL, NULL, 'TESTSMS:LESSON ASSIGNMENT,DECLINE49', NULL, NULL, NULL, 'SHORTCODE', '21211', '2018-05-11 11:57:04', '20180509181717'),
(84, '254710534013', 'Saf', NULL, NULL, 'TESTSMS:LESSON ASSIGNMENT,DECLINE49', NULL, NULL, NULL, 'SHORTCODE', '21211', '2018-05-11 11:57:46', '20180509181717'),
(85, '254710534013', 'Saf', NULL, NULL, 'TESTSMS:LESSON ASSIGNMENT,DECLINE49', NULL, NULL, NULL, 'SHORTCODE', '21211', '2018-05-11 11:58:24', '20180509181717'),
(86, '254710534013', 'Saf', NULL, NULL, 'TESTSMS:LESSON ASSIGNMENT,DECLINE49', NULL, NULL, NULL, 'SHORTCODE', '21211', '2018-05-11 12:00:33', '20180509181717'),
(87, '254710534013', 'Saf', NULL, NULL, 'TESTSMS:LESSON ASSIGNMENT,DECLINE49', NULL, NULL, NULL, 'SHORTCODE', '21211', '2018-05-11 12:00:53', '20180509181717'),
(88, '254710534013', 'Saf', NULL, NULL, 'TESTSMS:LESSON ASSIGNMENT,DECLINE49', NULL, NULL, NULL, 'SHORTCODE', '21211', '2018-05-11 12:01:19', '20180509181717'),
(89, '+254710534013', NULL, '237324233', '672742606', NULL, NULL, NULL, NULL, 'OUTBOX', NULL, '2018-05-11 12:01:19', NULL),
(90, '+254710534013', NULL, '69799928', '672742607', NULL, NULL, NULL, NULL, 'OUTBOX', NULL, '2018-05-11 12:01:20', NULL),
(91, '254710534013', 'Saf', NULL, NULL, 'TESTSMS:TRAINER ACCEPTANCE,DECLINE49', NULL, NULL, NULL, 'SHORTCODE', '21211', '2018-05-11 12:07:02', '20180509181717'),
(92, '+254710534013', NULL, '1379974867', '672747177', NULL, NULL, NULL, NULL, 'OUTBOX', NULL, '2018-05-11 12:07:03', NULL),
(93, '+254710534013', NULL, '2042262743', '672747178', NULL, NULL, NULL, NULL, 'OUTBOX', NULL, '2018-05-11 12:07:04', NULL),
(94, '254710534013', 'Saf', NULL, NULL, 'TESTSMS:ATTENDANCE CONFIRMATION,CANCEL49', NULL, NULL, NULL, 'SHORTCODE', '21211', '2018-05-11 12:11:15', '20180509181717'),
(95, '+254710534013', NULL, '2072668759', '672747248', NULL, NULL, NULL, NULL, 'OUTBOX', NULL, '2018-05-11 12:11:16', NULL),
(96, '+254710534013', NULL, '2076736255', '672747249', NULL, NULL, NULL, NULL, 'OUTBOX', NULL, '2018-05-11 12:11:16', NULL),
(97, '254710534013', 'Saf', NULL, NULL, 'TESTSMS:CLOSE49', NULL, NULL, NULL, 'SHORTCODE', '21211', '2018-05-11 12:13:27', '20180509181717'),
(98, '254710534013', 'Saf', NULL, NULL, 'TESTSMS:CLOSE49', NULL, NULL, NULL, 'SHORTCODE', '21211', '2018-05-11 12:15:19', '20180509181717'),
(99, '254710534013', 'Saf', NULL, NULL, 'TESTSMS:CLOSE49', NULL, NULL, NULL, 'SHORTCODE', '21211', '2018-05-11 12:20:33', '20180509181717'),
(100, '254710534013', 'Saf', NULL, NULL, 'TESTSMS:CLOSE49', NULL, NULL, NULL, 'SHORTCODE', '21211', '2018-05-11 12:23:19', '20180509181717'),
(101, '254710534013', 'Saf', NULL, NULL, 'TESTSMS:CLOSE49', NULL, NULL, NULL, 'SHORTCODE', '21211', '2018-05-11 12:23:57', '20180509181717'),
(102, '+254710534013', NULL, '177487021', '672748927', NULL, NULL, NULL, NULL, 'OUTBOX', NULL, '2018-05-11 12:23:58', NULL),
(103, '254710534013', 'Saf', NULL, NULL, 'TESTSMS:CLOSE49', NULL, NULL, NULL, 'SHORTCODE', '21211', '2018-05-11 12:26:20', '20180509181717'),
(104, '+254710534013', NULL, '1863708225', '672751035', NULL, NULL, NULL, NULL, 'OUTBOX', NULL, '2018-05-11 12:26:21', NULL),
(105, '254710534013', 'Saf', NULL, NULL, 'TESTSMS:RATE49,TRAINER4,FACILITY3', NULL, NULL, NULL, 'SHORTCODE', '21211', '2018-05-11 12:34:16', '20180509181717'),
(106, '254710534013', 'Saf', NULL, NULL, 'TESTSMS:RATE49,TRAINER4,FACILITY3', NULL, NULL, NULL, 'SHORTCODE', '21211', '2018-05-11 12:37:55', '20180509181717'),
(107, '254710534013', 'Saf', NULL, NULL, 'TESTSMS:RATE49,TRAINER4,FACILITY3', NULL, NULL, NULL, 'SHORTCODE', '21211', '2018-05-11 12:50:23', '20180509181717'),
(108, '254710534013', 'Saf', NULL, NULL, 'TESTSMS:RATE49,TRAINER4,FACILITY3', NULL, NULL, NULL, 'SHORTCODE', '21211', '2018-05-11 12:51:02', '20180509181717'),
(109, '+254710534013', NULL, '1305791262', '672755087', NULL, NULL, NULL, NULL, 'OUTBOX', NULL, '2018-05-11 12:51:07', NULL),
(110, '+254710534013', NULL, '1961735443', '672755089', NULL, NULL, NULL, NULL, 'OUTBOX', NULL, '2018-05-11 12:51:08', NULL),
(111, '254710534013', 'Saf', NULL, NULL, 'TESTSMS:CLOSE49', NULL, NULL, NULL, 'SHORTCODE', '21211', '2018-05-11 13:21:52', '20180509181717'),
(112, '+254710534013', NULL, '593384423', '672780782', NULL, NULL, NULL, NULL, 'OUTBOX', NULL, '2018-05-11 13:21:53', NULL),
(113, '254710534013', 'Saf', NULL, NULL, 'TESTSMS:ATTENDANCE CONFIRMATION,RESCHEDULE49', NULL, NULL, NULL, 'SHORTCODE', '21211', '2018-05-13 12:50:14', '20180509181717'),
(114, '254710534013', 'Saf', NULL, NULL, 'TESTSMS:ATTENDANCE CONFIRMATION,RESCHEDULE49,2018-06-03,WORK RELATED ENGAGEMENT', NULL, NULL, NULL, 'SHORTCODE', '21211', '2018-05-13 12:54:57', '20180509181717'),
(115, '254710534013', 'Saf', NULL, NULL, 'TESTSMS:ATTENDANCE CONFIRMATION,RESCHEDULE49,2018-06-03,WORK RELATED ENGAGEMENT', NULL, NULL, NULL, 'SHORTCODE', '21211', '2018-05-13 13:03:35', '20180509181717'),
(116, '254710534013', 'Saf', NULL, NULL, 'TESTSMS:ATTENDANCE CONFIRMATION,RESCHEDULE49,2018-06-03,WORK RELATED ENGAGEMENT', NULL, NULL, NULL, 'SHORTCODE', '21211', '2018-05-13 13:05:53', '20180509181717'),
(117, '254710534013', 'Saf', NULL, NULL, 'TESTSMS:ATTENDANCE CONFIRMATION,RESCHEDULE49,2018-06-03,WORK RELATED ENGAGEMENT', NULL, NULL, NULL, 'SHORTCODE', '21211', '2018-05-13 13:11:19', '20180509181717'),
(118, '254710534013', 'Saf', NULL, NULL, 'TESTSMS:ATTENDANCE CONFIRMATION,RESCHEDULE49,2018-06-03,WORK RELATED ENGAGEMENT', NULL, NULL, NULL, 'SHORTCODE', '21211', '2018-05-13 13:12:17', '20180509181717'),
(119, '254710534013', 'Saf', NULL, NULL, 'TESTSMS:ATTENDANCE CONFIRMATION,RESCHEDULE50,2018-06-03,WORK RELATED ENGAGEMENT', NULL, NULL, NULL, 'SHORTCODE', '21211', '2018-05-13 13:20:36', '20180509181717'),
(120, '+254710534013', NULL, '806332089', '673148120', NULL, NULL, NULL, NULL, 'OUTBOX', NULL, '2018-05-13 13:20:38', NULL),
(121, '+254710534013', NULL, '2127712188', '673148121', NULL, NULL, NULL, NULL, 'OUTBOX', NULL, '2018-05-13 13:20:38', NULL),
(122, '254710534013', 'Saf', NULL, NULL, 'TESTSMS:ATTENDANCE CONFIRMATION,RESCHEDULE51,2018-06-03,WORK RELATED ENGAGEMENT', NULL, NULL, NULL, 'SHORTCODE', '21211', '2018-05-13 13:25:43', '20180509181717'),
(123, '254710534013', 'Saf', NULL, NULL, 'TESTSMS:ATTENDANCE CONFIRMATION,RESCHEDULE50,2018-06-03,WORK RELATED ENGAGEMENT', NULL, NULL, NULL, 'SHORTCODE', '21211', '2018-05-13 13:30:01', '20180509181717'),
(124, '254710534013', 'Saf', NULL, NULL, 'TESTSMS:ATTENDANCE CONFIRMATION,RESCHEDULE51,2018-06-03,WORK RELATED ENGAGEMENT', NULL, NULL, NULL, 'SHORTCODE', '21211', '2018-05-13 13:30:19', '20180509181717'),
(125, '254710534013', 'Saf', NULL, NULL, 'TESTSMS:ATTENDANCE CONFIRMATION,RESCHEDULE50,2018-06-03,WORK RELATED ENGAGEMENT', NULL, NULL, NULL, 'SHORTCODE', '21211', '2018-05-13 14:02:23', '20180509181717'),
(126, '254710534013', 'Saf', NULL, NULL, 'TESTSMS:ATTENDANCE CONFIRMATION,RESCHEDULE52,2018-06-03,WORK RELATED ENGAGEMENT', NULL, NULL, NULL, 'SHORTCODE', '21211', '2018-05-13 14:02:55', '20180509181717'),
(127, '+254710534013', NULL, '1241774745', '673152006', NULL, NULL, NULL, NULL, 'OUTBOX', NULL, '2018-05-13 14:02:57', NULL),
(128, '254710534013', 'Saf', NULL, NULL, 'TESTSMS:ATTENDANCE CONFIRMATION,RESCHEDULE54,2018-06-03,WORK RELATED ENGAGEMENT', NULL, NULL, NULL, 'SHORTCODE', '21211', '2018-05-13 14:08:19', '20180509181717'),
(129, '+254710534013', NULL, '931040868', '673152021', NULL, NULL, NULL, NULL, 'OUTBOX', NULL, '2018-05-13 14:08:20', NULL),
(130, '+254710534013', NULL, '1069449201', '673152022', NULL, NULL, NULL, NULL, 'OUTBOX', NULL, '2018-05-13 14:08:20', NULL),
(131, '254710534013', 'Saf', NULL, NULL, 'TESTSMS:ATTENDANCE CONFIRMATION,RESCHEDULE55,2018-06-03,WORK RELATED ENGAGEMENT', NULL, NULL, NULL, 'SHORTCODE', '21211', '2018-05-13 14:12:32', '20180509181717'),
(132, '+254710534013', NULL, '31817348', '673152761', NULL, NULL, NULL, NULL, 'OUTBOX', NULL, '2018-05-13 14:12:32', NULL),
(133, '+254710534013', NULL, '1733283545', '673152762', NULL, NULL, NULL, NULL, 'OUTBOX', NULL, '2018-05-13 14:12:33', NULL),
(134, '254710534013', 'Saf', NULL, NULL, 'TESTSMS:ATTENDANCE CONFIRMATION,RESCHEDULE55,2018-06-03,WORK RELATED ENGAGEMENT', NULL, NULL, NULL, 'SHORTCODE', '21211', '2018-05-13 14:26:32', '20180509181717'),
(135, '+254710534013', NULL, '648229948', '673153426', NULL, NULL, NULL, NULL, 'OUTBOX', NULL, '2018-05-13 14:26:33', NULL),
(136, '254710534013', 'Saf', NULL, NULL, 'TESTSMS:ATTENDANCE CONFIRMATION,RESCHEDULE55,2018-06-03,WORK RELATED ENGAGEMENT', NULL, NULL, NULL, 'SHORTCODE', '21211', '2018-05-13 14:28:38', '20180509181717'),
(137, '+254710534013', NULL, '1178452793', '673153436', NULL, NULL, NULL, NULL, 'OUTBOX', NULL, '2018-05-13 14:28:39', NULL),
(138, '254710534013', 'Saf', NULL, NULL, 'TESTSMS:ATTENDANCE CONFIRMATION,RESCHEDULE56,2018-06-03,WORK RELATED ENGAGEMENT', NULL, NULL, NULL, 'SHORTCODE', '21211', '2018-05-13 14:29:19', '20180509181717'),
(139, '+254710534013', NULL, '1314785254', '673153437', NULL, NULL, NULL, NULL, 'OUTBOX', NULL, '2018-05-13 14:29:21', NULL),
(140, '+254710534013', NULL, '1986116713', '673153438', NULL, NULL, NULL, NULL, 'OUTBOX', NULL, '2018-05-13 14:29:21', NULL),
(141, '+254710534013', NULL, '1751247038', '679013172', NULL, NULL, NULL, NULL, 'OUTBOX', NULL, '2018-06-06 17:07:32', NULL),
(142, '+254710534013', NULL, '1253269411', '679013173', NULL, NULL, NULL, NULL, 'OUTBOX', NULL, '2018-06-06 17:07:34', NULL),
(143, '+254710534013', NULL, '1048485502', '679013174', NULL, NULL, NULL, NULL, 'OUTBOX', NULL, '2018-06-06 17:07:34', NULL),
(144, '+254710534013', NULL, '922964141', '679019504', NULL, NULL, NULL, NULL, 'OUTBOX', NULL, '2018-06-06 20:21:03', NULL),
(145, '+254710534013', NULL, '1980955984', '679019509', NULL, NULL, NULL, NULL, 'OUTBOX', NULL, '2018-06-06 20:22:30', NULL),
(146, '+254710534013', NULL, '1712606361', '679019510', NULL, NULL, NULL, NULL, 'OUTBOX', NULL, '2018-06-06 20:22:31', NULL),
(147, '+254710534013', NULL, '441249929', '679019511', NULL, NULL, NULL, NULL, 'OUTBOX', NULL, '2018-06-06 20:22:32', NULL),
(148, '+254710534013', NULL, '65960284', '679022124', NULL, NULL, NULL, NULL, 'OUTBOX', NULL, '2018-06-06 21:34:00', NULL),
(149, '+254710534013', NULL, '383888577', '679022125', NULL, NULL, NULL, NULL, 'OUTBOX', NULL, '2018-06-06 21:34:01', NULL),
(150, '+254710534013', NULL, '428496273', '679023710', NULL, NULL, NULL, NULL, 'OUTBOX', NULL, '2018-06-06 22:28:46', NULL),
(151, '+254710534013', NULL, '553996055', '679023711', NULL, NULL, NULL, NULL, 'OUTBOX', NULL, '2018-06-06 22:28:48', NULL),
(152, '+254710534013', NULL, '1500975189', '679023729', NULL, NULL, NULL, NULL, 'OUTBOX', NULL, '2018-06-06 22:40:07', NULL),
(153, '+254710534013', NULL, '1451342861', '679023730', NULL, NULL, NULL, NULL, 'OUTBOX', NULL, '2018-06-06 22:40:08', NULL),
(154, '+254710534013', NULL, '723439672', '679023733', NULL, NULL, NULL, NULL, 'OUTBOX', NULL, '2018-06-06 22:42:12', NULL),
(155, '+254710534013', NULL, '93236968', '679025697', NULL, NULL, NULL, NULL, 'OUTBOX', NULL, '2018-06-07 08:27:31', NULL),
(156, '+254710534013', NULL, '1527893225', '679025698', NULL, NULL, NULL, NULL, 'OUTBOX', NULL, '2018-06-07 08:27:32', NULL),
(157, '+254710534013', NULL, '1237028032', '679025702', NULL, NULL, NULL, NULL, 'OUTBOX', NULL, '2018-06-07 08:28:25', NULL),
(158, '+254715637922', NULL, '238593961', '679025703', NULL, NULL, NULL, NULL, 'OUTBOX', NULL, '2018-06-07 08:28:26', NULL),
(159, '+254710534013', NULL, '1294972181', '679027063', NULL, NULL, NULL, NULL, 'OUTBOX', NULL, '2018-06-07 09:08:10', NULL),
(160, '+254710534013', NULL, '438691427', '679027064', NULL, NULL, NULL, NULL, 'OUTBOX', NULL, '2018-06-07 09:08:13', NULL),
(161, '+254710534013', NULL, '59801866', '679151644', NULL, NULL, NULL, NULL, 'OUTBOX', NULL, '2018-06-07 15:40:00', NULL),
(162, '+254710534013', NULL, '873942248', '679151645', NULL, NULL, NULL, NULL, 'OUTBOX', NULL, '2018-06-07 15:40:01', NULL),
(163, '+254710534013', NULL, '1745966534', '679154217', NULL, NULL, NULL, NULL, 'OUTBOX', NULL, '2018-06-07 15:48:30', NULL),
(164, '+254710534013', NULL, '2080452892', '679154219', NULL, NULL, NULL, NULL, 'OUTBOX', NULL, '2018-06-07 15:48:31', NULL),
(165, '+254710534013', NULL, '494528490', '679159387', NULL, NULL, NULL, NULL, 'OUTBOX', NULL, '2018-06-07 15:53:53', NULL),
(166, '+254710534013', NULL, '2138140399', '679159657', NULL, NULL, NULL, NULL, 'OUTBOX', NULL, '2018-06-07 15:57:04', NULL),
(167, '+254710534013', NULL, '1207274190', '679182952', NULL, NULL, NULL, NULL, 'OUTBOX', NULL, '2018-06-07 16:14:53', NULL),
(168, '+254710534013', NULL, '1045671717', '679183439', NULL, NULL, NULL, NULL, 'OUTBOX', NULL, '2018-06-07 16:21:38', NULL),
(169, '+254710534013', NULL, '385220613', '679183550', NULL, NULL, NULL, NULL, 'OUTBOX', NULL, '2018-06-07 16:23:40', NULL),
(170, '+254710534013', NULL, '1573947054', '679183551', NULL, NULL, NULL, NULL, 'OUTBOX', NULL, '2018-06-07 16:23:41', NULL),
(171, '+254710534013', NULL, '249060379', '681353055', NULL, NULL, NULL, NULL, 'OUTBOX', NULL, '2018-06-16 12:49:43', NULL),
(172, '+254710534013', NULL, '2090466936', '681353063', NULL, NULL, NULL, NULL, 'OUTBOX', NULL, '2018-06-16 12:50:16', NULL),
(173, '+254710534013', NULL, '340935197', '681353089', NULL, NULL, NULL, NULL, 'OUTBOX', NULL, '2018-06-16 12:52:11', NULL),
(174, '+254710534013', NULL, '211905009', '681353090', NULL, NULL, NULL, NULL, 'OUTBOX', NULL, '2018-06-16 12:52:12', NULL),
(175, '+254710534013', NULL, '1051819930', '681353658', NULL, NULL, NULL, NULL, 'OUTBOX', NULL, '2018-06-16 12:56:15', NULL),
(176, '+254710534013', NULL, '245974352', '681353659', NULL, NULL, NULL, NULL, 'OUTBOX', NULL, '2018-06-16 12:56:16', NULL),
(177, '+254710534013', NULL, '1169363574', '681358882', NULL, NULL, NULL, NULL, 'OUTBOX', NULL, '2018-06-16 13:11:13', NULL),
(178, '+254710534013', NULL, '1013719445', '681959516', NULL, NULL, NULL, NULL, 'OUTBOX', NULL, '2018-06-19 22:29:39', NULL),
(179, '+254710534013', NULL, '1469859673', '681959567', NULL, NULL, NULL, NULL, 'OUTBOX', NULL, '2018-06-19 22:33:16', NULL),
(180, '+254710534013', NULL, '1425520305', '681959578', NULL, NULL, NULL, NULL, 'OUTBOX', NULL, '2018-06-19 22:38:49', NULL),
(181, '+254710534013', NULL, '1394352280', '681959591', NULL, NULL, NULL, NULL, 'OUTBOX', NULL, '2018-06-19 22:42:56', NULL),
(182, '+254710534013', NULL, '1660899017', '682660291', NULL, NULL, NULL, NULL, 'OUTBOX', NULL, '2018-06-21 22:37:10', NULL),
(183, '+254710534013', NULL, '1338820407', '682660345', NULL, NULL, NULL, NULL, 'OUTBOX', NULL, '2018-06-21 22:52:48', NULL),
(184, '+254710534013', NULL, '1008149841', '682660351', NULL, NULL, NULL, NULL, 'OUTBOX', NULL, '2018-06-21 22:55:52', NULL),
(185, '+254710534013', NULL, '719049392', '682660364', NULL, NULL, NULL, NULL, 'OUTBOX', NULL, '2018-06-21 22:58:53', NULL),
(186, '+254710534013', NULL, '872792837', '682660377', NULL, NULL, NULL, NULL, 'OUTBOX', NULL, '2018-06-21 23:03:26', NULL),
(187, '+254710534013', NULL, '1338144939', '682660381', NULL, NULL, NULL, NULL, 'OUTBOX', NULL, '2018-06-21 23:04:57', NULL),
(188, '+254710534013', NULL, '2133899280', '682660398', NULL, NULL, NULL, NULL, 'OUTBOX', NULL, '2018-06-21 23:12:22', NULL),
(189, '+254710534013', NULL, '547731722', '682660406', NULL, NULL, NULL, NULL, 'OUTBOX', NULL, '2018-06-21 23:15:12', NULL),
(190, '+254710534013', NULL, '1105057366', '682660410', NULL, NULL, NULL, NULL, 'OUTBOX', NULL, '2018-06-21 23:17:51', NULL),
(191, '+254710534013', NULL, '510761794', '682660422', NULL, NULL, NULL, NULL, 'OUTBOX', NULL, '2018-06-21 23:19:33', NULL),
(192, '+254710534013', NULL, '2116848896', '682660434', NULL, NULL, NULL, NULL, 'OUTBOX', NULL, '2018-06-21 23:25:30', NULL),
(193, '+254710534013', NULL, '822602024', '682660441', NULL, NULL, NULL, NULL, 'OUTBOX', NULL, '2018-06-21 23:27:24', NULL),
(194, '+254710534013', NULL, '845726847', '682660446', NULL, NULL, NULL, NULL, 'OUTBOX', NULL, '2018-06-21 23:28:46', NULL),
(195, '+254710534013', NULL, '695638845', '682660528', NULL, NULL, NULL, NULL, 'OUTBOX', NULL, '2018-06-21 23:57:18', NULL),
(196, '+254710534013', NULL, '393739778', '683580766', NULL, NULL, NULL, NULL, 'OUTBOX', NULL, '2018-06-22 11:51:01', NULL);

-- --------------------------------------------------------

--
-- Table structure for table `sms_status_codes`
--

CREATE TABLE `sms_status_codes` (
  `id` int(11) NOT NULL,
  `code` varchar(10) NOT NULL,
  `description` varchar(500) NOT NULL
) ENGINE=MyISAM DEFAULT CHARSET=latin1;

--
-- Dumping data for table `sms_status_codes`
--

INSERT INTO `sms_status_codes` (`id`, `code`, `description`) VALUES
(1, '0', 'SUCCESS'),
(2, '-1', 'INVALID USER'),
(3, '-2', 'BALANCE VALIDITY EXPIRE'),
(4, '-3', 'ACCOUNT VALIDITY EXPIRE'),
(5, '-4', 'BALANCE IS NOT ENOUGH'),
(6, '-101', 'INVALID MESSAGE ID'),
(7, '-102', 'INVALID EXTERNAL ID'),
(8, '-103', 'INVALID FROM DATE'),
(9, '-104', 'INVALID TO DATE'),
(10, '-105', 'FROM DATE IS BIGGER THAN TO DATE'),
(11, '-107', 'INVALID REQUEST TYPE'),
(12, '200', 'MESSAGE NOT FOUND'),
(13, '201', 'PENDING DR NOT FOUND'),
(14, '202', 'WAITING FOR DR'),
(15, '203', 'DR IS NOT ALLOW'),
(16, '204', 'DR IS NOT AVAILABLE'),
(17, '205', 'ACKNOWLEDGE GET'),
(18, '206', 'ACKNOWLEDGEMENT IS NOT UPDATE'),
(19, '-201', 'INVALID DATE RANGE'),
(20, '-202', 'OUT OF RANGE'),
(21, '-1111', 'VERSION NOT SUPPORTED'),
(22, '-10001', 'LIMIT EXCEED'),
(23, '-10002', 'INVALID USERNAME OR PASSWORD'),
(24, '-10003', 'INVALID MOBILE'),
(25, '-10004', 'UNKNOWN'),
(26, '-10005', 'INVALID SENDER ID'),
(27, '-10006', 'ENTER MOBILE NO OR SELECT GROUP'),
(28, '-10007', 'INVALID GROUP');

-- --------------------------------------------------------

--
-- Table structure for table `staff`
--

CREATE TABLE `staff` (
  `id` int(11) NOT NULL,
  `pf_number` varchar(30) NOT NULL,
  `firstname` varchar(30) NOT NULL,
  `middlename` varchar(30) NOT NULL,
  `lastname` varchar(30) NOT NULL,
  `gender` varchar(10) NOT NULL,
  `idnumber` varchar(30) NOT NULL,
  `position` int(11) NOT NULL,
  `status` int(8) NOT NULL DEFAULT '1001',
  `createdat` datetime NOT NULL DEFAULT CURRENT_TIMESTAMP,
  `createdby` varchar(30) NOT NULL,
  `lastmodifiedat` datetime NOT NULL DEFAULT CURRENT_TIMESTAMP,
  `lastmodifiedby` varchar(30) NOT NULL
) ENGINE=MyISAM DEFAULT CHARSET=latin1;

--
-- Dumping data for table `staff`
--

INSERT INTO `staff` (`id`, `pf_number`, `firstname`, `middlename`, `lastname`, `gender`, `idnumber`, `position`, `status`, `createdat`, `createdby`, `lastmodifiedat`, `lastmodifiedby`) VALUES
(1, '9341', 'MWAI', 'KAMAU', 'KIBAKI', 'M', '56368512', 2, 1002, '2018-03-30 09:19:04', '1', '2018-07-10 01:27:42', '1'),
(2, '9340', 'JAMES', 'KAMAU', 'WAMANYA', 'M', '56368512', 1, 1009, '2018-03-30 09:20:58', '1', '2018-07-10 00:39:07', '1'),
(3, '9342', 'JOHN', 'FREDRICK', 'KENNEDY', 'M', '278569423', 5, 1001, '2018-04-22 10:57:38', '1', '2018-07-10 01:41:14', '1');

-- --------------------------------------------------------

--
-- Table structure for table `staff_positions`
--

CREATE TABLE `staff_positions` (
  `id` int(11) NOT NULL,
  `name` varchar(30) NOT NULL,
  `status` int(8) NOT NULL DEFAULT '1001',
  `createdat` datetime NOT NULL DEFAULT CURRENT_TIMESTAMP,
  `createdby` varchar(30) NOT NULL,
  `lastmodifiedat` datetime NOT NULL DEFAULT CURRENT_TIMESTAMP,
  `lastmodifiedby` varchar(30) NOT NULL
) ENGINE=MyISAM DEFAULT CHARSET=latin1;

--
-- Dumping data for table `staff_positions`
--

INSERT INTO `staff_positions` (`id`, `name`, `status`, `createdat`, `createdby`, `lastmodifiedat`, `lastmodifiedby`) VALUES
(1, 'SECRETARY', 1009, '2018-03-30 08:46:56', '1', '2018-07-11 02:58:27', '1'),
(2, 'COACH', 1001, '2018-06-21 16:06:21', '1', '2018-07-18 16:36:51', '1'),
(3, 'DIRECTOR', 1001, '2018-06-21 16:06:40', '1', '2018-06-21 16:06:40', '1'),
(4, 'MANAGER', 1001, '2018-06-21 16:06:48', '1', '2018-06-21 16:06:48', '1'),
(5, 'SUPERVISOR', 1001, '2018-06-21 16:07:00', '1', '2018-06-21 16:07:00', '1');

-- --------------------------------------------------------

--
-- Table structure for table `status_codes`
--

CREATE TABLE `status_codes` (
  `id` int(11) NOT NULL,
  `status_code` varchar(30) NOT NULL,
  `description` varchar(500) NOT NULL,
  `display_value` varchar(200) NOT NULL,
  `createdat` datetime NOT NULL DEFAULT CURRENT_TIMESTAMP,
  `createdby` varchar(30) NOT NULL,
  `lastmodifiedat` datetime NOT NULL DEFAULT CURRENT_TIMESTAMP,
  `lastmodifiedby` varchar(30) NOT NULL
) ENGINE=MyISAM DEFAULT CHARSET=latin1;

--
-- Dumping data for table `status_codes`
--

INSERT INTO `status_codes` (`id`, `status_code`, `description`, `display_value`, `createdat`, `createdby`, `lastmodifiedat`, `lastmodifiedby`) VALUES
(9, '1009', 'ITEM DELETED', 'DELETED', '2018-07-18 21:40:46', '1', '2018-07-18 21:40:46', '1'),
(18, '5001', 'LESSON NOT YET ASSIGNED TO TRAINER', 'NOT ASSIGNED TO TRAINER', '2018-07-18 21:40:46', '1', '2018-07-18 21:40:46', '1'),
(19, '5002', 'LESSON ASSIGNED TO TRAINER', 'ASSIGNED TO TRAINER', '2018-07-18 21:40:46', '1', '2018-07-18 21:40:46', '1'),
(20, '5003', 'TRAINER DECLINED LESSON ASSIGNMENT', 'TRAINER REJECTED ASSIGNMENT', '2018-07-18 21:40:46', '1', '2018-07-18 21:40:46', '1'),
(21, '5004', 'TRAINEE DECLINED ASSIGNED TRAINER', 'TRAINEE REJECTED TRAINER', '2018-07-18 21:40:46', '1', '2018-07-18 21:40:46', '1'),
(8, '1008', 'ITEM IS CANCELLED', 'CANCELLED', '2018-07-18 21:40:46', '1', '2018-07-18 21:40:46', '1'),
(4, '1004', 'ITEM IS CLOSED', 'CLOSED', '2018-07-18 21:40:46', '1', '2018-07-18 21:40:46', '1'),
(22, '5005', 'LESSON IS YET TO COMMENCE', 'NOT YET STARTED', '2018-07-18 21:40:46', '1', '2018-07-18 21:40:46', '1'),
(12, '2001', 'NO PAYMENT MADE YET', 'NOT PAID', '2018-07-18 21:40:46', '1', '2018-07-18 21:40:46', '1'),
(13, '2002', 'PARTIAL PAYMENT MADE', 'PARTIALLY PAID', '2018-07-18 21:40:46', '1', '2018-07-18 21:40:46', '1'),
(14, '2003', 'PAYMENT FINALIZED', 'PAID', '2018-07-18 21:40:46', '1', '2018-07-18 21:40:46', '1'),
(1, '1001', 'ITEM IS ACTIVE', 'ACTIVE', '2018-07-18 21:40:46', '1', '2018-07-18 18:45:26', '1'),
(3, '1003', 'ITEM IS OPEN', 'OPEN', '2018-07-18 21:40:46', '1', '2018-07-18 21:40:46', '1'),
(2, '1002', 'ITEM IS NOT ACTIVE', 'NOT ACTIVE', '2018-07-18 21:40:46', '1', '2018-07-18 18:54:41', '1'),
(5, '1005', 'ITEM IS AWAITING APPROVAL', 'AWAITING APPROVAL', '2018-07-18 21:40:46', '1', '2018-07-18 21:40:46', '1'),
(6, '1006', 'ITEM IS APPROVED', 'APPROVED', '2018-07-18 21:40:46', '1', '2018-07-18 21:40:46', '1'),
(7, '1007', 'ITEM IS REJECTED (NOT APPROVED)', 'REJECTED', '2018-07-18 21:40:46', '1', '2018-07-18 21:40:46', '1'),
(15, '2004', 'PAYMENT NOT YET CONSUMED', 'NOT USED', '2018-07-18 21:40:46', '1', '2018-07-18 21:40:46', '1'),
(16, '2005', 'PAYMENT ALREADY CONSUMED', 'USED', '2018-07-18 21:40:46', '1', '2018-07-18 21:40:46', '1'),
(10, '1010', 'PASSWORD IS NEW', 'NEW PASSWORD', '2018-07-18 21:40:46', '1', '2018-07-18 21:40:46', '1'),
(11, '1011', 'USER IS BLOCKED', 'USER BLOCKED', '2018-07-18 21:40:46', '1', '2018-07-18 21:40:46', '1'),
(23, '5006', 'LESSON IS IN PROGRESS', 'ONGOING', '2018-07-18 21:40:46', '1', '2018-07-18 21:40:46', '1'),
(17, '2006', 'EXCESS PAYMENT MADE', 'OVER-PAID', '2018-07-19 21:40:46', '1', '2018-07-19 21:40:46', '1');

-- --------------------------------------------------------

--
-- Table structure for table `system_administrators`
--

CREATE TABLE `system_administrators` (
  `id` int(11) NOT NULL,
  `firstname` varchar(30) NOT NULL,
  `lastname` varchar(30) NOT NULL,
  `phone_number` varchar(20) NOT NULL,
  `email` varchar(50) NOT NULL,
  `idnumber` varchar(30) NOT NULL,
  `status` int(8) NOT NULL DEFAULT '1001',
  `createdat` datetime NOT NULL DEFAULT CURRENT_TIMESTAMP,
  `createdby` varchar(30) NOT NULL,
  `lastmodifiedat` datetime NOT NULL DEFAULT CURRENT_TIMESTAMP,
  `lastmodifiedby` varchar(30) NOT NULL
) ENGINE=MyISAM DEFAULT CHARSET=latin1;

--
-- Dumping data for table `system_administrators`
--

INSERT INTO `system_administrators` (`id`, `firstname`, `lastname`, `phone_number`, `email`, `idnumber`, `status`, `createdat`, `createdby`, `lastmodifiedat`, `lastmodifiedby`) VALUES
(1, 'JAMES', 'MUGENI', '0710534013', 'MAURICEMUGENI@GMAIL.COM', '27856036', 1001, '2018-03-25 18:13:45', 'SYSTEM SETUP', '2018-07-11 03:13:24', '1'),
(2, 'MWAI', 'KIBAKI', '0710534013', 'MOMUGZ@GMAIL.COM', '25863694', 1001, '2018-03-25 18:31:15', '1', '2018-03-25 18:31:15', '1'),
(3, 'JONATHAN', 'SHIUNDU', '0710534013', 'MOMUGZ@YMAIL.COM', '25863694', 1001, '2018-03-25 18:31:15', '1', '2018-03-25 18:31:15', '1'),
(4, 'RUTH', 'OKANA', '0710534013', 'RUTH@GMAIL.COM', '25863694', 1009, '2018-03-25 18:31:15', '1', '2018-07-11 03:13:34', '1'),
(5, 'MAURICE', 'MUGENI', '0710534013', 'BMUGENI@REFLEXCONCEPTS.CO.KE', '27856036', 1001, '2018-03-25 18:13:45', '1', '2018-03-25 18:13:45', '1');

-- --------------------------------------------------------

--
-- Table structure for table `system_components`
--

CREATE TABLE `system_components` (
  `id` int(11) NOT NULL,
  `name` varchar(100) NOT NULL,
  `acronym` varchar(50) NOT NULL,
  `status` int(8) NOT NULL DEFAULT '1001',
  `createdat` datetime NOT NULL DEFAULT CURRENT_TIMESTAMP,
  `createdby` varchar(30) NOT NULL DEFAULT 'SYSTEM SETUP',
  `lastmodifiedat` datetime NOT NULL DEFAULT CURRENT_TIMESTAMP,
  `lastmodifiedby` varchar(30) NOT NULL DEFAULT 'SYSTEM SETUP'
) ENGINE=MyISAM DEFAULT CHARSET=latin1;

--
-- Dumping data for table `system_components`
--

INSERT INTO `system_components` (`id`, `name`, `acronym`, `status`, `createdat`, `createdby`, `lastmodifiedat`, `lastmodifiedby`) VALUES
(1, 'ADD SYSTEM COMPONENT PAGE', 'ADD_SYSTEM_COMPONENT', 1009, '2018-03-28 06:21:58', '1', '2018-07-11 03:40:21', '1'),
(2, 'TESTING2', 'TEST', 1001, '2018-07-10 04:18:46', '1', '2018-07-18 16:51:23', '1');

-- --------------------------------------------------------

--
-- Table structure for table `system_privileges`
--

CREATE TABLE `system_privileges` (
  `id` int(11) NOT NULL,
  `name` varchar(100) NOT NULL,
  `component` int(11) NOT NULL,
  `status` int(8) NOT NULL DEFAULT '1001',
  `createdat` datetime NOT NULL DEFAULT CURRENT_TIMESTAMP,
  `createdby` varchar(30) NOT NULL DEFAULT 'SYSTEM SETUP',
  `lastmodifiedat` datetime NOT NULL DEFAULT CURRENT_TIMESTAMP,
  `lastmodifiedby` varchar(30) NOT NULL DEFAULT 'SYSTEM SETUP'
) ENGINE=MyISAM DEFAULT CHARSET=latin1;

--
-- Dumping data for table `system_privileges`
--

INSERT INTO `system_privileges` (`id`, `name`, `component`, `status`, `createdat`, `createdby`, `lastmodifiedat`, `lastmodifiedby`) VALUES
(1, 'CAN CREATE A NEW SYSTEM COMPONENT', 1, 1001, '2018-03-28 08:16:21', '1', '2018-07-19 18:54:22', '1');

-- --------------------------------------------------------

--
-- Table structure for table `system_roles`
--

CREATE TABLE `system_roles` (
  `id` int(11) NOT NULL,
  `name` varchar(30) NOT NULL,
  `description` varchar(500) NOT NULL,
  `status` int(8) NOT NULL DEFAULT '1001',
  `createdat` datetime NOT NULL DEFAULT CURRENT_TIMESTAMP,
  `createdby` varchar(30) NOT NULL DEFAULT 'SYSTEM SETUP',
  `lastmodifiedat` datetime NOT NULL DEFAULT CURRENT_TIMESTAMP,
  `lastmodifiedby` varchar(30) NOT NULL DEFAULT 'SYSTEM SETUP'
) ENGINE=MyISAM DEFAULT CHARSET=latin1;

--
-- Dumping data for table `system_roles`
--

INSERT INTO `system_roles` (`id`, `name`, `description`, `status`, `createdat`, `createdby`, `lastmodifiedat`, `lastmodifiedby`) VALUES
(1, 'SYSTEM ADMINISTRATOR', '', 1001, '2018-03-28 08:19:59', 'SYSTEM SETUP', '2018-07-18 20:40:22', '1');

-- --------------------------------------------------------

--
-- Table structure for table `system_users`
--

CREATE TABLE `system_users` (
  `id` int(11) NOT NULL,
  `reference_type` int(11) NOT NULL,
  `reference_id` int(11) NOT NULL,
  `email` varchar(100) NOT NULL,
  `username` varchar(100) DEFAULT NULL,
  `iq_points` int(11) NOT NULL DEFAULT '0',
  `password` varchar(100) NOT NULL,
  `password_new` varchar(5) NOT NULL DEFAULT 'YES',
  `badlogin` int(1) NOT NULL DEFAULT '0',
  `status` int(8) NOT NULL DEFAULT '1001'
) ENGINE=MyISAM DEFAULT CHARSET=latin1;

--
-- Dumping data for table `system_users`
--

INSERT INTO `system_users` (`id`, `reference_type`, `reference_id`, `email`, `username`, `iq_points`, `password`, `password_new`, `badlogin`, `status`) VALUES
(96, 2, 86, 'DSHIMWATI@GMAIL.COM', 'BED', 0, '196afe58eb29120224318fd1dc80368aac2a216b', 'YES', 0, 1001),
(95, 2, 85, 'BELLARMINE16@GMAIL.COM', 'BEBULINDA', 0, '196afe58eb29120224318fd1dc80368aac2a216b', 'YES', 0, 1001),
(97, 2, 87, 'I.O.O.X.VERT.R.I.S.@GMAIL.COM', 'JESSEDIP', 0, '816c313a69cbcc8a427b43f559e985062522d4a1', 'YES', 0, 1001);

-- --------------------------------------------------------

--
-- Table structure for table `trainees`
--

CREATE TABLE `trainees` (
  `id` int(11) NOT NULL,
  `firstname` varchar(30) NOT NULL,
  `lastname` varchar(30) NOT NULL,
  `gender` varchar(10) NOT NULL,
  `birth_date` varchar(20) NOT NULL,
  `status` int(8) NOT NULL DEFAULT '1001',
  `createdat` datetime NOT NULL DEFAULT CURRENT_TIMESTAMP,
  `createdby` varchar(30) NOT NULL,
  `lastmodifiedat` datetime NOT NULL DEFAULT CURRENT_TIMESTAMP,
  `lastmodifiedby` varchar(30) NOT NULL
) ENGINE=MyISAM DEFAULT CHARSET=latin1;

--
-- Dumping data for table `trainees`
--

INSERT INTO `trainees` (`id`, `firstname`, `lastname`, `gender`, `birth_date`, `status`, `createdat`, `createdby`, `lastmodifiedat`, `lastmodifiedby`) VALUES
(1, 'MWAI', 'KIBAKI', 'M', '1978-02-28', 1009, '2018-03-28 21:16:08', '1', '2018-07-11 02:54:48', '1'),
(2, 'JAMES', 'MUGENI', 'M', '2000-02-28', 1001, '2018-03-28 21:19:26', '1', '2018-07-11 02:54:53', '1'),
(3, 'MAURICE', 'MUGENI', 'M', '2001-02-28', 1001, '2018-03-28 21:21:34', '1', '2018-03-28 21:21:34', '1'),
(4, 'JAMES', 'BOND', 'M', '1998-02-28', 1001, '2018-03-28 21:23:52', '1', '2018-03-28 21:23:52', '1'),
(5, 'UHURU', 'KENYATTA', 'M', '1992-02-28', 1001, '2018-03-28 21:29:24', '1', '2018-03-28 21:29:24', '1'),
(6, 'LYDIA', 'YEYE', 'F', '2001-02-28', 1001, '2018-03-30 05:50:58', '1', '2018-03-30 05:50:58', '1'),
(7, 'LYDIA', 'NDISIO', 'F', '2001-02-28', 1001, '2018-03-30 05:53:21', '1', '2018-03-30 05:53:21', '1'),
(8, 'JAMES', 'KINYORU', 'M', '2000-02-15', 1001, '2018-04-22 11:04:34', '1', '2018-04-22 11:04:34', '1'),
(9, 'TESTING1', 'TESTING1', 'M', '1996-03-1', 1001, '2018-04-23 09:51:55', '10', '2018-04-23 09:51:55', '10'),
(10, 'TESTING2', 'TESTING2', 'F', '1996-01-1', 1001, '2018-04-23 09:56:12', '10', '2018-04-23 09:56:12', '10'),
(11, 'TESTING3', 'TESTING3', 'F', '1993-05-1', 1001, '2018-04-23 10:10:41', '10', '2018-04-23 10:10:41', '10'),
(12, 'TESTING4', 'TESTING4', 'F', '1991-01-1', 1001, '2018-04-23 10:56:53', '10', '2018-04-23 10:56:53', '10'),
(13, 'TESTING5', 'TESTING5', 'F', '2018-01-1', 1001, '2018-04-23 11:00:53', '11', '2018-04-23 11:00:53', '11'),
(14, 'TESTING6', 'TESTING6', 'F', '1993-04-1', 1001, '2018-04-23 11:05:55', '12', '2018-04-23 11:05:55', '12'),
(15, 'MAURICE', 'MUGENI', '', '--', 1001, '2018-05-07 12:38:12', '13', '2018-05-07 12:38:12', '13'),
(16, 'JOHN', 'KINYORU', 'M', '1990-10-22', 1001, '2018-05-07 13:02:49', '14', '2018-05-07 13:02:49', '14'),
(17, 'MARVIN', 'NZUNGA', 'M', '1992-06-25', 1001, '2018-05-07 13:13:25', '15', '2018-05-07 13:13:25', '15'),
(18, 'BENARD', 'NYAMAI', 'M', '1998-05-1', 1001, '2018-05-07 13:36:21', '16', '2018-05-07 13:36:21', '16'),
(19, 'JAMES', 'KAMAU', 'M', '1990-07-1', 1001, '2018-05-07 13:45:42', '17', '2018-05-07 13:45:42', '17'),
(20, 'BENARD', 'SANG', 'M', '1986-09-1', 1001, '2018-05-07 13:50:01', '18', '2018-05-07 13:50:01', '18'),
(21, 'JUMA', 'JOSEPH', 'M', '1990-04-1', 1001, '2018-05-07 18:42:24', '19', '2018-05-07 18:42:24', '19'),
(22, 'STEVE', 'NGARI', 'M', '1991-03-1', 1001, '2018-05-08 16:32:39', '20', '2018-05-08 16:32:39', '20'),
(23, 'STEVE', 'NGARI', 'M', '2001-01-1', 1001, '2018-05-08 16:36:35', '21', '2018-05-08 16:36:35', '21'),
(24, 'BENARD', 'KAMAU', 'M', '1999-03-1', 1001, '2018-05-10 16:41:28', '23', '2018-05-10 16:41:28', '23'),
(25, 'BENARD', 'KAMAU', 'M', '1999-03-1', 1001, '2018-05-10 16:42:58', '24', '2018-05-10 16:42:58', '24'),
(26, 'BENARD', 'KAMAU', 'M', '1999-03-1', 1001, '2018-05-10 16:45:20', '25', '2018-05-10 16:45:20', '25'),
(27, 'BENARD', 'KAMAU', 'M', '1999-03-1', 1001, '2018-05-10 16:48:01', '26', '2018-05-10 16:48:01', '26'),
(28, 'BENARD', 'KAMAU', 'M', '1999-03-1', 1001, '2018-05-10 16:49:11', '27', '2018-05-10 16:49:11', '27'),
(29, 'BENARD', 'KAMAU', 'M', '1999-03-1', 1001, '2018-05-10 16:51:21', '28', '2018-05-10 16:51:21', '28'),
(30, 'BENARD', 'KAMAU', 'M', '1999-03-1', 1001, '2018-05-10 16:51:52', '29', '2018-05-10 16:51:52', '29'),
(31, 'BENARD', 'KENNEDY', 'M', '1994-06-1', 1001, '2018-05-10 16:59:27', '30', '2018-05-10 16:59:27', '30'),
(32, 'BENARD', 'KENNEDY', 'M', '1994-06-1', 1001, '2018-05-10 17:06:18', '31', '2018-05-10 17:06:18', '31'),
(33, 'BENARD', 'KENNEDY', 'M', '1994-06-1', 1001, '2018-05-10 17:08:12', '32', '2018-05-10 17:08:12', '32'),
(34, 'TIM', 'WATIMA', 'M', '1994-07-1', 1001, '2018-05-10 17:32:41', '33', '2018-05-10 17:32:41', '33'),
(35, 'TIMOTHY', 'NJOYA', 'NULL', '2003-01-1', 1001, '2018-06-07 16:23:40', '42', '2018-06-07 16:23:40', '42'),
(36, 'MAURICE', 'MUGENI', 'M', '2001-03-16', 1001, '2018-06-16 09:49:37', '43', '2018-06-16 09:49:37', '43'),
(37, 'MAURICE', 'MUGENI', 'M', '2000-04-1', 1001, '2018-06-16 10:30:02', '44', '2018-06-16 10:30:02', '44'),
(38, 'MAURICE', 'MUGENI', 'M', '2018-05-1', 1001, '2018-06-16 10:38:11', '45', '2018-06-16 10:38:11', '45'),
(39, 'MAURICE', 'MUGENI', 'NULL', '2018-01-1', 1001, '2018-06-16 12:52:11', '48', '2018-06-16 12:52:11', '48'),
(40, 'MAURICE', 'MUGENI', 'M', '2000-01-1', 1001, '2018-06-16 12:56:15', '49', '2018-06-16 12:56:15', '49'),
(41, 'MAURICE', 'MUGENI', 'M', '1999-01-1', 1001, '2018-06-17 14:25:22', '6', '2018-06-17 14:25:22', '6'),
(42, 'MAURICE', 'MUGENI', 'M', '1999-01-1', 1001, '2018-06-17 14:31:35', '6', '2018-06-17 14:31:35', '6'),
(43, 'MAURICE', 'MUGENI', 'M', '2000-01-1', 1001, '2018-06-17 14:40:01', '6', '2018-06-17 14:40:01', '6'),
(44, 'BIBS', 'MUGENI', 'F', '1998-01-1', 1001, '2018-06-21 23:57:18', '6', '2018-06-21 23:57:18', '6'),
(45, 'MAURICE', 'MUGENI', 'M', '2000-01-1', 1001, '2018-06-22 09:30:59', '6', '2018-06-22 09:30:59', '6'),
(46, 'MAURICE', 'MUGENI', 'M', '2000-01-1', 1001, '2018-06-22 09:32:20', '6', '2018-06-22 09:32:20', '6'),
(47, 'MAURICE', 'MUGENI', 'NULL', '2000-01-1', 1001, '2018-06-22 09:34:50', '6', '2018-06-22 09:34:50', '6'),
(48, 'MAURICE', 'MUGENI', 'M', '2001-01-1', 1001, '2018-06-22 09:37:32', '6', '2018-06-22 09:37:32', '6'),
(49, 'MAURICE', 'MUGENI', 'M', '2000-01-1', 1001, '2018-06-22 09:41:58', '6', '2018-06-22 09:41:58', '6'),
(50, 'JUST2', 'TEST2', 'M', '2000-01-1', 1001, '2018-10-02 21:58:44', '60', '2018-10-02 21:58:44', '60'),
(51, 'JUST3', 'TEST3', 'F', '2000-01-1', 1001, '2018-10-02 22:03:03', '61', '2018-10-02 22:03:03', '61'),
(52, 'BENJI', 'PAYMENTS', 'M', '2002-02-3', 1001, '2018-10-04 03:24:46', '62', '2018-10-04 03:24:46', '62'),
(53, 'BELLARMINE', 'BULINDA', 'M', '2003-01-1', 1001, '2018-10-07 21:28:08', '63', '2018-10-07 21:28:08', '63'),
(54, 'BENJOS', 'X', 'M', '1978-06-9', 1001, '2018-10-14 18:18:51', '62', '2018-10-14 18:18:51', '62'),
(55, 'BE', 'BULINDA', 'NULL', '2018-05-1', 1001, '2018-10-16 21:06:00', '65', '2018-10-16 21:06:00', '65'),
(56, 'BE', 'BULINDA', 'NULL', '2018-05-1', 1001, '2018-10-16 21:08:27', '62', '2018-10-16 21:08:27', '62'),
(57, 'BE', 'BULINDA', 'NULL', '2018-05-1', 1001, '2018-10-16 21:10:38', '62', '2018-10-16 21:10:38', '62'),
(58, 'BE', 'BULINDA', 'NULL', '2018-05-1', 1001, '2018-10-16 21:13:20', '62', '2018-10-16 21:13:20', '62'),
(59, 'BELLARMINE', 'BULINDA', 'M', '2018-01-1', 1001, '2018-10-16 21:15:12', '62', '2018-10-16 21:15:12', '62'),
(60, 'BELLARMINE', 'BULINDA', 'M', '2018-01-1', 1001, '2018-10-16 21:19:39', '62', '2018-10-16 21:19:39', '62'),
(61, 'BELLARMINE', 'BULINDA', 'NULL', '2018-01-1', 1001, '2018-10-16 21:28:44', '62', '2018-10-16 21:28:44', '62'),
(62, 'BELLARMINE', 'BULINDA', 'NULL', '2018-01-1', 1001, '2018-10-16 21:31:32', '62', '2018-10-16 21:31:32', '62'),
(63, 'BELLARMINE', 'BULINDA', 'NULL', '2018-01-1', 1001, '2018-10-16 21:56:38', '1', '2018-10-16 21:56:38', '1'),
(64, 'BELLARMINE', 'BULINDA', 'NULL', '2018-01-1', 1001, '2018-10-16 22:00:33', '1', '2018-10-16 22:00:33', '1'),
(65, 'BELLARMINE', 'BULINDA', 'NULL', '2018-01-1', 1001, '2018-10-17 03:03:34', '1', '2018-10-17 03:03:34', '1'),
(66, 'BELLARMINE', 'BULINDA', 'M', '2018-01-1', 1001, '2018-10-17 03:08:00', '1', '2018-10-17 03:08:00', '1'),
(67, 'BELLARMINE', 'BULINDA', 'M', '2018-01-1', 1001, '2018-10-17 03:19:29', '1', '2018-10-17 03:19:29', '1'),
(68, 'BELLARMINE', 'BULINDA', 'M', '2018-01-1', 1001, '2018-10-17 14:13:29', '1', '2018-10-17 14:13:29', '1'),
(69, 'BELLARMINE', 'BULINDA', 'M', '2018-01-1', 1001, '2018-10-17 14:40:35', '1', '2018-10-17 14:40:35', '1'),
(70, 'BELLARMINE', 'BULINDA', 'M', '2018-01-1', 1001, '2018-10-17 14:44:03', '1', '2018-10-17 14:44:03', '1'),
(71, 'BELLARMINE', 'BULINDA', 'M', '2018-01-1', 1001, '2018-10-17 15:20:07', '1', '2018-10-17 15:20:07', '1'),
(72, 'BELLARMINE', 'BULINDA', 'M', '2018-01-1', 1001, '2018-10-17 15:21:21', '1', '2018-10-17 15:21:21', '1'),
(73, 'BELLARMINE', 'BULINDA', 'M', '2018-01-1', 1001, '2018-10-17 15:26:03', '1', '2018-10-17 15:26:03', '1'),
(74, 'BELLARMINE', 'BULINDA', 'M', '2018-01-1', 1001, '2018-10-17 15:36:42', '1', '2018-10-17 15:36:42', '1'),
(75, 'BELLARMINE', 'BULINDA', 'M', '2018-01-1', 1001, '2018-10-17 15:41:00', '1', '2018-10-17 15:41:00', '1'),
(76, 'BELLARMINE', 'BULINDA', 'M', '2018-01-1', 1001, '2018-10-17 15:48:01', '1', '2018-10-17 15:48:01', '1'),
(77, 'BELLARMINE', 'BULINDA', 'M', '2018-01-1', 1001, '2018-10-17 18:20:03', '1', '2018-10-17 18:20:03', '1'),
(78, 'BELLARMINE', 'BULINDA', 'NULL', '2006-05-1', 1001, '2018-10-17 18:22:39', '1', '2018-10-17 18:22:39', '1'),
(79, 'BELLARMINE', 'BULINDA', 'NULL', '2006-05-1', 1001, '2018-10-17 18:41:56', '1', '2018-10-17 18:41:56', '1'),
(80, 'BELLARMINE', 'BULINDA', 'NULL', '2006-05-1', 1001, '2018-10-17 19:12:14', '1', '2018-10-17 19:12:14', '1'),
(81, 'BELLARMINE', 'BULINDA', 'M', '2018-01-1', 1001, '2018-10-17 19:28:23', '1', '2018-10-17 19:28:23', '1'),
(82, 'BELLARMINE', 'BULINDA', 'M', '2018-01-1', 1001, '2018-10-17 19:34:53', '1', '2018-10-17 19:34:53', '1'),
(83, 'BELLARMINE', 'BULINDA', 'NULL', '2018-04-3', 1001, '2018-10-17 19:39:22', '1', '2018-10-17 19:39:22', '1'),
(84, 'BELLARMINE', 'BULINDA', 'M', '2018-01-1', 1001, '2018-10-17 19:45:00', '1', '2018-10-17 19:45:00', '1'),
(85, 'BELLARMINE', 'BULINDA', 'M', '2018-01-1', 1001, '2018-10-17 20:41:19', '1', '2018-10-17 20:41:19', '1'),
(86, 'BELLARMINE', 'BULINDA', 'F', '2018-01-1', 1001, '2018-11-10 23:11:20', '96', '2018-11-10 23:11:20', '96'),
(87, 'JESSEDIP', 'JESSEDIPIF', '1', '1986-5-3', 1001, '2021-09-04 00:53:46', '97', '2021-09-04 00:53:46', '97');

-- --------------------------------------------------------

--
-- Table structure for table `trainers`
--

CREATE TABLE `trainers` (
  `id` int(11) NOT NULL,
  `fk_id` int(16) NOT NULL,
  `firstname` varchar(30) NOT NULL,
  `lastname` varchar(30) NOT NULL,
  `fk_profile` varchar(1800) NOT NULL,
  `gender` varchar(10) NOT NULL,
  `birth_date` varchar(20) NOT NULL,
  `idnumber` varchar(30) NOT NULL,
  `training_level` varchar(50) NOT NULL,
  `curriculum_vitae` varchar(50) NOT NULL,
  `certificate` varchar(100) NOT NULL,
  `referee` varchar(100) DEFAULT NULL,
  `preferred_facility` varchar(100) DEFAULT NULL,
  `trainer_rating` int(1) NOT NULL DEFAULT '1',
  `status` int(8) NOT NULL DEFAULT '1005',
  `createdat` datetime NOT NULL DEFAULT CURRENT_TIMESTAMP,
  `createdby` varchar(30) NOT NULL,
  `authorizedat` datetime DEFAULT NULL,
  `authorizedby` varchar(30) DEFAULT NULL,
  `lastmodifiedat` datetime NOT NULL DEFAULT CURRENT_TIMESTAMP,
  `lastmodifiedby` varchar(30) NOT NULL
) ENGINE=MyISAM DEFAULT CHARSET=latin1;

--
-- Dumping data for table `trainers`
--

INSERT INTO `trainers` (`id`, `fk_id`, `firstname`, `lastname`, `fk_profile`, `gender`, `birth_date`, `idnumber`, `training_level`, `curriculum_vitae`, `certificate`, `referee`, `preferred_facility`, `trainer_rating`, `status`, `createdat`, `createdby`, `authorizedat`, `authorizedby`, `lastmodifiedat`, `lastmodifiedby`) VALUES
(4, 256256, 'BYRON', 'KWACH', 'Lorem Ipsum is simply dummy text of the printing and typesetting industry. Lorem Ipsum has been the industry\'s standard dummy text ever since the 1500s, when an unknown printer took a galley of type and scrambled it to make a type specimen book. It has survived not only five centuries, but also the leap into electronic typesetting, remaining essentially unchanged. It was popularised in the 1960s with the release of Letraset sheets containing Lorem Ipsum passages, and more recently with desktop publishing software like Aldus PageMaker including versions of Lorem Ipsum. Contrary to popular belief, Lorem Ipsum is not simply random text. It has roots in a piece of classical Latin literature from 45 BC, making it over 2000 years old. Richard McClintock, a Latin professor at Hampden-Sydney College in Virginia, looked up one of the more obscure Latin words, consectetur, from a Lorem Ipsum passage, and going through the cites of the word in classical literature, discovered the undoubtable source. Lorem Ipsum comes from sections 1.10.32 and 1.10.33 of \"de Finibus Bonorum et Malorum\" (The Extremes of Good and Evil) by Cicero, written in 45 BC. This book is a treatise on the theory of ethics, very popular during the Renaissance. The first line of Lorem Ipsum, \"Lorem ipsum dolor sit amet..', 'M', '2000-01-03', '25896314', 'CERTIFICATE', 'EEB615E4932AAF1FD6760F97EE70E42E.JPG', '77C69C2A974E7148E336F740B9BD007A.JPG', '0', '0', 1, 1001, '2018-05-08 16:43:04', '1', NULL, NULL, '2018-05-08 16:43:04', '1'),
(2, 0, 'MAURICE', 'KIBAKI', '', 'M', '1987-02-28', '56368512', 'GRADUATE', '3DEA16D570FC41B1BADFFDB9FBB3E971.JPG', 'D87A36D48E44126999BF9C66E18FB225.JPG', '0', '0', 1, 1009, '2018-03-30 08:34:37', '1', NULL, NULL, '2018-07-11 02:47:46', '1'),
(3, 0, 'JAMES', 'KENNEDY', '', 'M', '2018-02-28', '22222200', 'DIPLOMA', '436568201AE91FFA477AFEF22E0AD8CF.PDF', '698ADE873A8A758F2494624A02CF737C.PDF', '0', '0', 1, 1001, '2018-04-22 10:59:48', '1', NULL, NULL, '2018-07-14 10:09:07', '1'),
(5, 0, 'TEST1', 'TEST1', '', 'F', '1997-01-1', '22222200', 'CERTIFICATE', '511B88FEAB1132770D3E58909E06A943.JPG', '848AFBDCC4C71241D774C2DCAEE553DB.JPG', '2', '1', 1, 1001, '2018-05-14 13:16:48', '1', NULL, NULL, '2018-05-14 13:16:48', '1'),
(6, 0, 'TEST1', 'TEST1', '', 'F', '1997-01-1', '22222200', 'CERTIFICATE', '321494B12D8922F9B2AE7A5C91047E0E.JPG', '464E8B38BA3578F6E962697E4CE026B7.JPG', '2', '1', 1, 1001, '2018-05-14 13:21:06', '1', NULL, NULL, '2018-05-14 13:21:06', '1'),
(7, 0, 'TEST1', 'TEST1', '', 'F', '1997-01-1', '22222200', 'CERTIFICATE', '5715885BDA800D7BE7B1B64892DD7240.JPG', '297367F0C0D383F28066ECD69DF2245C.JPG', '2', '1', 1, 1001, '2018-05-14 13:21:55', '35', NULL, NULL, '2018-05-14 13:21:55', '35'),
(8, 0, 'TEST2', 'TEST2', '', 'F', '1994-01-10', '25896314', 'CERTIFICATE', '7BF500BE86B1BCE0C5CBB0D623394B3F.JPG', '57948A4B195398367CF0ECDE635A754A.JPG', '2', '1', 1, 1001, '2018-05-14 13:37:44', '36', NULL, NULL, '2018-05-14 13:37:44', '36'),
(9, 0, 'TEST2', 'TEST2', '', 'F', '1994-01-10', '25896314', 'CERTIFICATE', '31B7E9B01732D607283F3915E6B131B1.JPG', '744C1D8C2153582F2477A754B944EECD.JPG', '2', '1', 1, 1001, '2018-05-14 13:44:45', '37', NULL, NULL, '2018-05-14 13:44:45', '37'),
(10, 0, 'TEST2', 'TEST2', '', 'F', '1994-01-10', '25896314', 'CERTIFICATE', 'FCBDAB521036F37953FA5B26429BFEBA.JPG', 'C8283FB4D59E8F44D15D847663602C28.JPG', '2', '1', 1, 1001, '2018-05-14 15:44:11', '38', NULL, NULL, '2018-05-14 15:44:11', '38'),
(11, 0, 'TEST3', 'TEST3', '', 'M', '1993-05-1', '22222200', 'GRADUATE', '8A3F16C74DE1B98720CD7BF6ED5EDD9D.JPG', '1A2E332F1AFDD661A10262FB8CFCEB4F.JPG', '2', '1', 1, 1001, '2018-05-14 15:47:19', '39', NULL, NULL, '2018-05-14 15:47:19', '39'),
(12, 0, 'TEST4', 'TEST4', '', 'M', '2018-02-28', '22222200', 'CERTIFICATE', '4FC60BB2D98933ACA53E2AB040007BA9.JPG', '3052399B9273F1BB6EF58CE76D3B15B1.JPG', '2', '2', 1, 1001, '2018-05-14 17:41:55', '1', NULL, NULL, '2018-05-14 17:41:55', '1'),
(13, 0, 'TEST5', 'TEST5', '', 'M', '1997-02-28', '32622556', 'GRADUATE', '00B9745FA05202671AE4DBCA234F044C.JPG', '6D5E48FB5132073884C02890CE429A18.JPG', '3', '3', 1, 1001, '2018-05-14 17:51:34', '1', NULL, NULL, '2018-05-14 17:51:34', '1'),
(14, 0, 'MAURICE', 'MUGENI', '', 'M', '1983-05-1', '25489632', 'CERTIFICATE', '7A9D745BED23E7AD0059AFABDF6DECE8.PDF', '857B6B54C9110550058AE5BF3570B057.PDF', 'JAMES OTIENO', 'MAMA WATOTO', 1, 1001, '2018-06-16 11:39:35', '46', NULL, NULL, '2018-06-16 11:39:35', '46'),
(15, 0, 'MAURICE', 'MUGENI', '', 'M', '1983-05-1', '25489632', 'CERTIFICATE', 'B6CB91350AA2D332D2E224AAD731107A.PDF', 'C44520EBB759B1D0F106C23E3787EC9B.PDF', 'JAMES OTIENO', 'MAMA WATOTO', 1, 1001, '2018-06-16 11:40:01', '46', NULL, NULL, '2018-06-16 11:40:01', '46'),
(16, 0, 'MAURICE', 'MUGENI', '', 'M', '2000-01-1', '25489632', 'CERTIFICATE', '45D5EF9D67459C3B2D8E1EE680857BCE.PDF', 'AFB8392E7A0FFA48F53CE4F50C74CC66.PDF', 'JAMES OTIENO', 'MAMA WATOTO', 1, 1001, '2018-06-16 11:42:59', '46', NULL, NULL, '2018-06-16 11:42:59', '46'),
(17, 0, 'MAURICE', 'MUGENI', '', 'M', '1999-01-1', '25489632', 'CERTIFICATE', '7531A4EE6852C943EF2BCEE106F4DA2E.PDF', 'FB16B4467D34523E3D5F1D33CE2BE0C1.PDF', 'JAMES OTIENO', 'MAMA WATOTO', 1, 1001, '2018-06-16 12:03:32', '47', NULL, NULL, '2018-06-16 12:03:32', '47'),
(18, 0, 'TEST1', 'TEST1', '', 'F', '2000-02-28', '25489632', 'DIPLOMA', '548B62303CF86C8918E9F2B4B20171F8.PDF', '142634A5774CD7BFF95AFF8347FF403B.PDF', 'james otieno', 'mama watoto', 1, 1005, '2018-07-20 10:59:04', '1', NULL, NULL, '2018-07-20 10:59:04', '1'),
(19, 0, 'TEST2', 'TEST2', '', 'F', '2001-02-28', '25489632', 'DIPLOMA', 'BB0FBA2773F5FDFD489889FEA31D52C0.PDF', '100A2382724D9BD49203FE6BAAE27A57.PDF', 'james otieno', 'mama watoto', 1, 1005, '2018-07-20 11:07:34', '1', NULL, NULL, '2018-07-20 08:26:39', '1');

-- --------------------------------------------------------

--
-- Table structure for table `trainer_ratings`
--

CREATE TABLE `trainer_ratings` (
  `count` int(11) NOT NULL,
  `user_id` int(11) NOT NULL,
  `lesson_id` int(11) NOT NULL,
  `score` int(11) NOT NULL
) ENGINE=MyISAM DEFAULT CHARSET=latin1;

-- --------------------------------------------------------

--
-- Table structure for table `training_facilities`
--

CREATE TABLE `training_facilities` (
  `id` int(11) NOT NULL,
  `name` varchar(30) NOT NULL,
  `description` varchar(1000) NOT NULL,
  `coordinates` varchar(50) NOT NULL,
  `ownership_type` varchar(20) NOT NULL,
  `facility_rating` int(1) NOT NULL DEFAULT '1',
  `services_offered` varchar(20) NOT NULL,
  `status` int(8) NOT NULL DEFAULT '1005',
  `createdat` datetime NOT NULL DEFAULT CURRENT_TIMESTAMP,
  `createdby` varchar(30) NOT NULL,
  `lastmodifiedat` datetime NOT NULL DEFAULT CURRENT_TIMESTAMP,
  `lastmodifiedby` varchar(30) NOT NULL
) ENGINE=MyISAM DEFAULT CHARSET=latin1;

--
-- Dumping data for table `training_facilities`
--

INSERT INTO `training_facilities` (`id`, `name`, `description`, `coordinates`, `ownership_type`, `facility_rating`, `services_offered`, `status`, `createdat`, `createdby`, `lastmodifiedat`, `lastmodifiedby`) VALUES
(1, 'METHODIST CHURCH POOL', 'METHODIST GUEST HOUSE SWIMMING POOL, OFF KIKAMBALA ROAD', '-1.291027,36.7733939', 'PUBLIC', 1, '1', 1005, '2018-07-01 16:45:26', '1', '2018-07-01 16:45:26', '1');

-- --------------------------------------------------------

--
-- Table structure for table `training_facility_administrators`
--

CREATE TABLE `training_facility_administrators` (
  `id` int(11) NOT NULL,
  `firstname` varchar(30) NOT NULL,
  `lastname` varchar(30) NOT NULL,
  `idnumber` varchar(30) NOT NULL,
  `phone_number` varchar(20) NOT NULL,
  `email` varchar(100) NOT NULL,
  `facility` int(11) NOT NULL,
  `status` int(8) NOT NULL DEFAULT '1005',
  `createdat` datetime NOT NULL DEFAULT CURRENT_TIMESTAMP,
  `createdby` varchar(30) NOT NULL,
  `lastmodifiedat` datetime NOT NULL DEFAULT CURRENT_TIMESTAMP,
  `lastmodifiedby` varchar(30) NOT NULL
) ENGINE=MyISAM DEFAULT CHARSET=latin1;

--
-- Dumping data for table `training_facility_administrators`
--

INSERT INTO `training_facility_administrators` (`id`, `firstname`, `lastname`, `idnumber`, `phone_number`, `email`, `facility`, `status`, `createdat`, `createdby`, `lastmodifiedat`, `lastmodifiedby`) VALUES
(1, 'CARDIMORE', 'AVWONDA', 'XXXXXXXX', 'XXXXXXXX', 'XXXXXXXXXXXXXX', 1, 1005, '2018-07-01 16:53:07', '1', '2018-07-01 16:53:07', '1');

-- --------------------------------------------------------

--
-- Table structure for table `training_facility_services`
--

CREATE TABLE `training_facility_services` (
  `id` int(11) NOT NULL,
  `name` varchar(200) NOT NULL,
  `status` int(8) NOT NULL DEFAULT '1001',
  `createdat` datetime NOT NULL DEFAULT CURRENT_TIMESTAMP,
  `createdby` varchar(30) NOT NULL,
  `lastmodifiedat` datetime NOT NULL DEFAULT CURRENT_TIMESTAMP,
  `lastmodifiedby` varchar(30) NOT NULL
) ENGINE=MyISAM DEFAULT CHARSET=latin1;

--
-- Dumping data for table `training_facility_services`
--

INSERT INTO `training_facility_services` (`id`, `name`, `status`, `createdat`, `createdby`, `lastmodifiedat`, `lastmodifiedby`) VALUES
(1, 'SWIMMING', 1001, '2018-03-29 22:48:47', '1', '2018-03-29 22:48:47', '1'),
(2, 'GYMNASTICS', 1001, '2018-03-29 22:49:35', '1', '2018-07-18 18:06:55', '1'),
(3, 'SWIMMING AND GYMNASTICS', 1001, '2018-03-29 22:50:30', '1', '2018-03-29 22:50:30', '1'),
(4, 'WEIGHT LIFTING', 1001, '2018-07-01 16:47:22', '1', '2018-07-01 16:47:22', '1'),
(5, 'TEST1234', 1001, '2018-07-18 21:07:59', '1', '2018-07-18 21:07:59', '1');

-- --------------------------------------------------------

--
-- Table structure for table `transaction_types`
--

CREATE TABLE `transaction_types` (
  `id` int(11) NOT NULL,
  `description` varchar(100) NOT NULL
) ENGINE=MyISAM DEFAULT CHARSET=latin1;

--
-- Dumping data for table `transaction_types`
--

INSERT INTO `transaction_types` (`id`, `description`) VALUES
(1, 'LESSON BOOKING'),
(2, 'ADD TRAINEE IQ POINTS'),
(3, 'REDEEM IQ POINTS'),
(4, 'REVERSE IQ POINTS'),
(5, 'TRANSFER IQ POINTS'),
(6, 'ADD TRAINER IQ POINTS');

-- --------------------------------------------------------

--
-- Table structure for table `user_logs`
--

CREATE TABLE `user_logs` (
  `id` int(11) NOT NULL,
  `user_id` int(11) NOT NULL,
  `password_code` varchar(100) NOT NULL DEFAULT '0',
  `action` varchar(100) DEFAULT NULL,
  `createdat` datetime NOT NULL DEFAULT CURRENT_TIMESTAMP,
  `createdby` varchar(30) NOT NULL
) ENGINE=MyISAM DEFAULT CHARSET=latin1;

--
-- Dumping data for table `user_logs`
--

INSERT INTO `user_logs` (`id`, `user_id`, `password_code`, `action`, `createdat`, `createdby`) VALUES
(1, 5, '0', 'LOGIN', '2018-03-30 09:19:04', 'TESTING'),
(2, 7, '0', 'LOGOUT', '2018-03-30 09:19:04', 'TESTING'),
(3, 5, '0', 'BAD LOGIN', '2018-03-30 09:19:04', 'TESTING'),
(4, 2, '0', 'LOCK USER', '2018-03-30 09:19:04', 'TESTING'),
(5, 2, '0', 'UNLOCK USER', '2018-03-30 09:19:04', 'TESTING');

-- --------------------------------------------------------

--
-- Table structure for table `user_privileges`
--

CREATE TABLE `user_privileges` (
  `id` int(11) NOT NULL,
  `user_id` int(11) NOT NULL,
  `privilege` int(11) NOT NULL,
  `status` int(8) NOT NULL DEFAULT '1001',
  `createdat` datetime NOT NULL DEFAULT CURRENT_TIMESTAMP,
  `createdby` varchar(30) NOT NULL,
  `lastmodifiedat` datetime NOT NULL DEFAULT CURRENT_TIMESTAMP,
  `lastmodifiedby` varchar(30) NOT NULL
) ENGINE=MyISAM DEFAULT CHARSET=latin1;

-- --------------------------------------------------------

--
-- Table structure for table `user_roles`
--

CREATE TABLE `user_roles` (
  `id` int(11) NOT NULL,
  `user_id` int(11) NOT NULL,
  `role` int(11) NOT NULL,
  `status` int(8) NOT NULL DEFAULT '1001',
  `createdat` datetime NOT NULL DEFAULT CURRENT_TIMESTAMP,
  `createdby` varchar(30) NOT NULL,
  `lastmodifiedat` datetime NOT NULL DEFAULT CURRENT_TIMESTAMP,
  `lastmodifiedby` varchar(30) NOT NULL
) ENGINE=MyISAM DEFAULT CHARSET=latin1;

-- --------------------------------------------------------

--
-- Table structure for table `user_types`
--

CREATE TABLE `user_types` (
  `id` int(11) NOT NULL,
  `name` varchar(100) NOT NULL,
  `status` int(8) NOT NULL DEFAULT '1011',
  `createdat` datetime NOT NULL DEFAULT CURRENT_TIMESTAMP,
  `createdby` varchar(30) NOT NULL,
  `lastmodifiedat` datetime NOT NULL DEFAULT CURRENT_TIMESTAMP,
  `lastmodifiedby` varchar(30) NOT NULL
) ENGINE=MyISAM DEFAULT CHARSET=latin1;

--
-- Dumping data for table `user_types`
--

INSERT INTO `user_types` (`id`, `name`, `status`, `createdat`, `createdby`, `lastmodifiedat`, `lastmodifiedby`) VALUES
(1, 'STAFF', 1009, '2018-03-28 08:47:33', '1', '2018-07-11 03:10:34', '1'),
(2, 'TRAINEE', 1001, '2018-03-28 08:47:33', '1', '2018-07-18 17:47:06', '1'),
(3, 'TRAINER', 1001, '2018-03-28 08:47:33', '1', '2018-03-28 08:47:33', '1'),
(4, 'TRAINING FACILITY ADMINISTRATOR', 1001, '2018-03-30 06:23:52', '1', '2018-03-30 06:23:52', '1'),
(5, 'SYSTEM ADMINISTRATOR', 1001, '2018-04-19 19:02:37', '1', '2018-04-19 19:02:37', '1'),
(6, 'TRAINING FACILITY', 1001, '2018-03-30 06:23:52', '1', '2018-04-20 06:23:52', '1'),
(7, 'TESTING1', 1001, '2018-04-22 11:10:50', '1', '2018-04-22 11:10:50', '1');

-- --------------------------------------------------------

--
-- Table structure for table `wards`
--

CREATE TABLE `wards` (
  `id` int(11) NOT NULL,
  `name` varchar(30) NOT NULL,
  `county` int(6) NOT NULL,
  `status` int(11) NOT NULL DEFAULT '1001',
  `createdat` datetime NOT NULL DEFAULT CURRENT_TIMESTAMP,
  `createdby` int(11) NOT NULL,
  `lastmodifiedat` datetime NOT NULL DEFAULT CURRENT_TIMESTAMP,
  `lastmodifiedby` int(11) NOT NULL
) ENGINE=MyISAM DEFAULT CHARSET=latin1;

--
-- Dumping data for table `wards`
--

INSERT INTO `wards` (`id`, `name`, `county`, `status`, `createdat`, `createdby`, `lastmodifiedat`, `lastmodifiedby`) VALUES
(1, 'KABARNET', 1, 1009, '2018-03-28 13:39:57', 1, '2018-07-11 03:42:20', 1),
(2, 'SACHO', 1, 1001, '2018-03-28 13:39:57', 1, '2018-07-18 17:03:13', 1),
(3, 'TENGES', 1, 1001, '2018-03-28 13:39:57', 1, '2018-03-28 13:39:57', 1),
(4, 'KAPROPITA', 1, 1001, '2018-03-28 13:39:57', 1, '2018-03-28 13:39:57', 1),
(5, 'EWALEL CHAPCHAP', 1, 1001, '2018-03-28 13:39:57', 1, '2018-03-28 13:39:57', 1),
(6, 'TIRIOKO', 1, 1001, '2018-03-28 13:39:57', 1, '2018-03-28 13:39:57', 1),
(7, 'KOLOWA', 1, 1001, '2018-03-28 13:39:57', 1, '2018-03-28 13:39:57', 1),
(8, 'RIBKWO', 1, 1001, '2018-03-28 13:39:57', 1, '2018-03-28 13:39:57', 1),
(9, 'SILALE', 1, 1001, '2018-03-28 13:39:57', 1, '2018-03-28 13:39:57', 1),
(10, 'TANGULBEI/KOROSSI', 1, 1001, '2018-03-28 13:39:57', 1, '2018-03-28 13:39:57', 1),
(11, 'LOIYAMOROK', 1, 1001, '2018-03-28 13:45:32', 1, '2018-03-28 13:45:32', 1),
(12, 'CHURO/AMAYA', 1, 1001, '2018-03-28 13:45:32', 1, '2018-03-28 13:45:32', 1),
(13, 'LEMBUS', 1, 1001, '2018-03-28 13:45:32', 1, '2018-03-28 13:45:32', 1),
(14, 'RAVINE', 1, 1001, '2018-03-28 13:45:32', 1, '2018-03-28 13:45:32', 1),
(15, 'LEMBUS KWEN', 1, 1001, '2018-03-28 13:45:32', 1, '2018-03-28 13:45:32', 1),
(16, 'KOIBATEK', 1, 1001, '2018-03-28 13:45:32', 1, '2018-03-28 13:45:32', 1),
(17, 'LEMBUS/PERKERRA', 1, 1001, '2018-03-28 13:45:32', 1, '2018-03-28 13:45:32', 1),
(18, 'MUMBERES/MAJI MAZURI', 1, 1001, '2018-03-28 13:45:32', 1, '2018-03-28 13:45:32', 1),
(19, 'MUKUTANI', 1, 1001, '2018-03-28 13:45:32', 1, '2018-03-28 13:45:32', 1),
(20, 'MARIGAT', 1, 1001, '2018-03-28 13:45:32', 1, '2018-03-28 13:45:32', 1),
(21, 'ILCHAMUS', 1, 1001, '2018-03-28 13:45:32', 1, '2018-03-28 13:45:32', 1),
(22, 'MOCHONGOI', 1, 1001, '2018-03-28 13:45:32', 1, '2018-03-28 13:45:32', 1),
(23, 'BARWESSA', 1, 1001, '2018-03-28 13:45:32', 1, '2018-03-28 13:45:32', 1),
(24, 'SAIMO/KIPSARAMAN', 1, 1001, '2018-03-28 13:45:32', 1, '2018-03-28 13:45:32', 1),
(25, 'SAIMO/SOI', 1, 1001, '2018-03-28 13:45:32', 1, '2018-03-28 13:45:32', 1),
(26, 'KABARTONJO', 1, 1001, '2018-03-28 14:39:56', 1, '2018-03-28 14:39:56', 1),
(27, 'BARTABWA', 1, 1001, '2018-03-28 14:39:56', 1, '2018-03-28 14:39:56', 1),
(28, 'MOGOTIO', 1, 1001, '2018-03-28 14:39:56', 1, '2018-03-28 14:39:56', 1),
(29, 'EMINING', 1, 1001, '2018-03-28 14:39:56', 1, '2018-03-28 14:39:56', 1),
(30, 'KISANANA', 1, 1001, '2018-03-28 14:39:56', 1, '2018-03-28 14:39:56', 1);

--
-- Indexes for dumped tables
--

--
-- Indexes for table `booking_transactions`
--
ALTER TABLE `booking_transactions`
  ADD PRIMARY KEY (`count`),
  ADD UNIQUE KEY `id` (`transaction_id`);

--
-- Indexes for table `booking_transactions_details`
--
ALTER TABLE `booking_transactions_details`
  ADD PRIMARY KEY (`count`);

--
-- Indexes for table `contacts`
--
ALTER TABLE `contacts`
  ADD PRIMARY KEY (`id`);

--
-- Indexes for table `counties`
--
ALTER TABLE `counties`
  ADD PRIMARY KEY (`id`);

--
-- Indexes for table `facility_ratings`
--
ALTER TABLE `facility_ratings`
  ADD PRIMARY KEY (`count`);

--
-- Indexes for table `inbox_messages`
--
ALTER TABLE `inbox_messages`
  ADD PRIMARY KEY (`id`);

--
-- Indexes for table `iq_points`
--
ALTER TABLE `iq_points`
  ADD PRIMARY KEY (`count`);

--
-- Indexes for table `lessons`
--
ALTER TABLE `lessons`
  ADD PRIMARY KEY (`id`);

--
-- Indexes for table `lesson_categories`
--
ALTER TABLE `lesson_categories`
  ADD PRIMARY KEY (`id`);

--
-- Indexes for table `mpesa_response`
--
ALTER TABLE `mpesa_response`
  ADD PRIMARY KEY (`id`);

--
-- Indexes for table `payment_transactions`
--
ALTER TABLE `payment_transactions`
  ADD PRIMARY KEY (`count`);

--
-- Indexes for table `redeemable_items`
--
ALTER TABLE `redeemable_items`
  ADD PRIMARY KEY (`id`);

--
-- Indexes for table `role_privileges`
--
ALTER TABLE `role_privileges`
  ADD PRIMARY KEY (`id`);

--
-- Indexes for table `sms_log`
--
ALTER TABLE `sms_log`
  ADD PRIMARY KEY (`id`);

--
-- Indexes for table `sms_status_codes`
--
ALTER TABLE `sms_status_codes`
  ADD PRIMARY KEY (`id`);

--
-- Indexes for table `staff`
--
ALTER TABLE `staff`
  ADD PRIMARY KEY (`id`);

--
-- Indexes for table `staff_positions`
--
ALTER TABLE `staff_positions`
  ADD PRIMARY KEY (`id`);

--
-- Indexes for table `status_codes`
--
ALTER TABLE `status_codes`
  ADD PRIMARY KEY (`id`);

--
-- Indexes for table `system_administrators`
--
ALTER TABLE `system_administrators`
  ADD PRIMARY KEY (`id`);

--
-- Indexes for table `system_components`
--
ALTER TABLE `system_components`
  ADD PRIMARY KEY (`id`);

--
-- Indexes for table `system_privileges`
--
ALTER TABLE `system_privileges`
  ADD PRIMARY KEY (`id`);

--
-- Indexes for table `system_roles`
--
ALTER TABLE `system_roles`
  ADD PRIMARY KEY (`id`);

--
-- Indexes for table `system_users`
--
ALTER TABLE `system_users`
  ADD PRIMARY KEY (`id`);

--
-- Indexes for table `trainees`
--
ALTER TABLE `trainees`
  ADD PRIMARY KEY (`id`);

--
-- Indexes for table `trainers`
--
ALTER TABLE `trainers`
  ADD PRIMARY KEY (`id`);

--
-- Indexes for table `trainer_ratings`
--
ALTER TABLE `trainer_ratings`
  ADD PRIMARY KEY (`count`);

--
-- Indexes for table `training_facilities`
--
ALTER TABLE `training_facilities`
  ADD PRIMARY KEY (`id`);

--
-- Indexes for table `training_facility_administrators`
--
ALTER TABLE `training_facility_administrators`
  ADD PRIMARY KEY (`id`);

--
-- Indexes for table `training_facility_services`
--
ALTER TABLE `training_facility_services`
  ADD PRIMARY KEY (`id`);

--
-- Indexes for table `transaction_types`
--
ALTER TABLE `transaction_types`
  ADD PRIMARY KEY (`id`);

--
-- Indexes for table `user_logs`
--
ALTER TABLE `user_logs`
  ADD PRIMARY KEY (`id`);

--
-- Indexes for table `user_privileges`
--
ALTER TABLE `user_privileges`
  ADD PRIMARY KEY (`id`);

--
-- Indexes for table `user_roles`
--
ALTER TABLE `user_roles`
  ADD PRIMARY KEY (`id`);

--
-- Indexes for table `user_types`
--
ALTER TABLE `user_types`
  ADD PRIMARY KEY (`id`);

--
-- Indexes for table `wards`
--
ALTER TABLE `wards`
  ADD PRIMARY KEY (`id`);

--
-- AUTO_INCREMENT for dumped tables
--

--
-- AUTO_INCREMENT for table `booking_transactions`
--
ALTER TABLE `booking_transactions`
  MODIFY `count` int(11) NOT NULL AUTO_INCREMENT;

--
-- AUTO_INCREMENT for table `booking_transactions_details`
--
ALTER TABLE `booking_transactions_details`
  MODIFY `count` int(11) NOT NULL AUTO_INCREMENT, AUTO_INCREMENT=163;

--
-- AUTO_INCREMENT for table `contacts`
--
ALTER TABLE `contacts`
  MODIFY `id` int(11) NOT NULL AUTO_INCREMENT, AUTO_INCREMENT=110;

--
-- AUTO_INCREMENT for table `counties`
--
ALTER TABLE `counties`
  MODIFY `id` int(11) NOT NULL AUTO_INCREMENT, AUTO_INCREMENT=48;

--
-- AUTO_INCREMENT for table `facility_ratings`
--
ALTER TABLE `facility_ratings`
  MODIFY `count` int(11) NOT NULL AUTO_INCREMENT;

--
-- AUTO_INCREMENT for table `inbox_messages`
--
ALTER TABLE `inbox_messages`
  MODIFY `id` int(11) NOT NULL AUTO_INCREMENT, AUTO_INCREMENT=30;

--
-- AUTO_INCREMENT for table `iq_points`
--
ALTER TABLE `iq_points`
  MODIFY `count` int(11) NOT NULL AUTO_INCREMENT, AUTO_INCREMENT=20;

--
-- AUTO_INCREMENT for table `lessons`
--
ALTER TABLE `lessons`
  MODIFY `id` int(11) NOT NULL AUTO_INCREMENT, AUTO_INCREMENT=16;

--
-- AUTO_INCREMENT for table `lesson_categories`
--
ALTER TABLE `lesson_categories`
  MODIFY `id` int(11) NOT NULL AUTO_INCREMENT, AUTO_INCREMENT=8;

--
-- AUTO_INCREMENT for table `mpesa_response`
--
ALTER TABLE `mpesa_response`
  MODIFY `id` int(11) NOT NULL AUTO_INCREMENT, AUTO_INCREMENT=4;

--
-- AUTO_INCREMENT for table `payment_transactions`
--
ALTER TABLE `payment_transactions`
  MODIFY `count` int(11) NOT NULL AUTO_INCREMENT, AUTO_INCREMENT=3;

--
-- AUTO_INCREMENT for table `redeemable_items`
--
ALTER TABLE `redeemable_items`
  MODIFY `id` int(11) NOT NULL AUTO_INCREMENT;

--
-- AUTO_INCREMENT for table `role_privileges`
--
ALTER TABLE `role_privileges`
  MODIFY `id` int(11) NOT NULL AUTO_INCREMENT;

--
-- AUTO_INCREMENT for table `sms_log`
--
ALTER TABLE `sms_log`
  MODIFY `id` int(11) NOT NULL AUTO_INCREMENT, AUTO_INCREMENT=197;

--
-- AUTO_INCREMENT for table `sms_status_codes`
--
ALTER TABLE `sms_status_codes`
  MODIFY `id` int(11) NOT NULL AUTO_INCREMENT, AUTO_INCREMENT=29;

--
-- AUTO_INCREMENT for table `staff`
--
ALTER TABLE `staff`
  MODIFY `id` int(11) NOT NULL AUTO_INCREMENT, AUTO_INCREMENT=4;

--
-- AUTO_INCREMENT for table `staff_positions`
--
ALTER TABLE `staff_positions`
  MODIFY `id` int(11) NOT NULL AUTO_INCREMENT, AUTO_INCREMENT=6;

--
-- AUTO_INCREMENT for table `status_codes`
--
ALTER TABLE `status_codes`
  MODIFY `id` int(11) NOT NULL AUTO_INCREMENT, AUTO_INCREMENT=2003;

--
-- AUTO_INCREMENT for table `system_administrators`
--
ALTER TABLE `system_administrators`
  MODIFY `id` int(11) NOT NULL AUTO_INCREMENT, AUTO_INCREMENT=6;

--
-- AUTO_INCREMENT for table `system_components`
--
ALTER TABLE `system_components`
  MODIFY `id` int(11) NOT NULL AUTO_INCREMENT, AUTO_INCREMENT=3;

--
-- AUTO_INCREMENT for table `system_privileges`
--
ALTER TABLE `system_privileges`
  MODIFY `id` int(11) NOT NULL AUTO_INCREMENT, AUTO_INCREMENT=2;

--
-- AUTO_INCREMENT for table `system_roles`
--
ALTER TABLE `system_roles`
  MODIFY `id` int(11) NOT NULL AUTO_INCREMENT, AUTO_INCREMENT=2;

--
-- AUTO_INCREMENT for table `system_users`
--
ALTER TABLE `system_users`
  MODIFY `id` int(11) NOT NULL AUTO_INCREMENT, AUTO_INCREMENT=98;

--
-- AUTO_INCREMENT for table `trainees`
--
ALTER TABLE `trainees`
  MODIFY `id` int(11) NOT NULL AUTO_INCREMENT, AUTO_INCREMENT=88;

--
-- AUTO_INCREMENT for table `trainers`
--
ALTER TABLE `trainers`
  MODIFY `id` int(11) NOT NULL AUTO_INCREMENT, AUTO_INCREMENT=20;

--
-- AUTO_INCREMENT for table `trainer_ratings`
--
ALTER TABLE `trainer_ratings`
  MODIFY `count` int(11) NOT NULL AUTO_INCREMENT;

--
-- AUTO_INCREMENT for table `training_facilities`
--
ALTER TABLE `training_facilities`
  MODIFY `id` int(11) NOT NULL AUTO_INCREMENT, AUTO_INCREMENT=2;

--
-- AUTO_INCREMENT for table `training_facility_administrators`
--
ALTER TABLE `training_facility_administrators`
  MODIFY `id` int(11) NOT NULL AUTO_INCREMENT, AUTO_INCREMENT=2;

--
-- AUTO_INCREMENT for table `training_facility_services`
--
ALTER TABLE `training_facility_services`
  MODIFY `id` int(11) NOT NULL AUTO_INCREMENT, AUTO_INCREMENT=6;

--
-- AUTO_INCREMENT for table `transaction_types`
--
ALTER TABLE `transaction_types`
  MODIFY `id` int(11) NOT NULL AUTO_INCREMENT, AUTO_INCREMENT=7;

--
-- AUTO_INCREMENT for table `user_logs`
--
ALTER TABLE `user_logs`
  MODIFY `id` int(11) NOT NULL AUTO_INCREMENT, AUTO_INCREMENT=6;

--
-- AUTO_INCREMENT for table `user_privileges`
--
ALTER TABLE `user_privileges`
  MODIFY `id` int(11) NOT NULL AUTO_INCREMENT;

--
-- AUTO_INCREMENT for table `user_roles`
--
ALTER TABLE `user_roles`
  MODIFY `id` int(11) NOT NULL AUTO_INCREMENT;

--
-- AUTO_INCREMENT for table `user_types`
--
ALTER TABLE `user_types`
  MODIFY `id` int(11) NOT NULL AUTO_INCREMENT, AUTO_INCREMENT=8;

--
-- AUTO_INCREMENT for table `wards`
--
ALTER TABLE `wards`
  MODIFY `id` int(11) NOT NULL AUTO_INCREMENT, AUTO_INCREMENT=31;
COMMIT;

/*!40101 SET CHARACTER_SET_CLIENT=@OLD_CHARACTER_SET_CLIENT */;
/*!40101 SET CHARACTER_SET_RESULTS=@OLD_CHARACTER_SET_RESULTS */;
/*!40101 SET COLLATION_CONNECTION=@OLD_COLLATION_CONNECTION */;
